BidId,TrafficType,PublisherId,AppSiteId,AppSiteCategory,Position,BidFloor,Timestamp,Age,Gender,OS,OSVersion,Model,Manufacturer,Carrier,DeviceType,DeviceId,DeviceIP,Country,Latitude,Longitude,Zipcode,Location,CampaignId,CreativeId,CreativeType,CreativeCategory,ExchangeBid,OutCome,ExchangeBidMatch,bid Count
089837d769954b9be3670a782cb631569a3ba2bd,app,7ba4d649042a1a655f3a3ba02267fa1ab66d17e7,a9fe9aff8929976f110b27a8aef236516adaa6d6,Arts & Entertainment,Above the Fold,0,1445994002,23,F,Android,5.1,0,LG,AT&T Mobility,Mobile/Tablet,0,d143437f0f8a992ac47ee1e529adc9336c0d9419,USA,27.3,-80.3,34983,User,68523,838492,2,Advertising#Comparison,0.99,w,7ba4d649042a1a655f3a3ba02267fa1ab66d17e7;27.3;-80.3;Advertising#Comparison;0.99;Android;app,1
04b073e30980ac57f09b0ff5d36b64c408df2328,site,b981747b2590229f01902ecd1fa44987936b1128,879fbbd88476d2e8d34f14e11c5276c87e718fc7,Arts & Entertainment,Unknown,0,1445993978,0,0,Android,5.1,0,Samsung,Verizon Wireless,Mobile/Tablet,0,8314feda24816b5b268137873c71f65e2265a131,USA,37.1,-93.3,65804,IP,63515,839848,2,Coffee/Tea#Chinese Cuisine,0.16,w,b981747b2590229f01902ecd1fa44987936b1128;37.1;-93.3;Coffee/Tea#Chinese Cuisine;0.16;Android;site,1
ab1779f73c93e1927a0a29dc628fcd9359548707,app,1ab335267bb1f1691652228eddff9ccf32ecd096,aa593085d967056b2e04d18cf053ac71221b6335,Technology & Computing,Footer,0,1445993953,21,M,Windows,8,0,0,Indosat,Mobile/Tablet,0,1a0e018e2f524360a0a954de1a6ae7486489d067,IDN,-6.2,106.8,0,User,66591,866168,1,Advertising#Comparison,0.04,w,1ab335267bb1f1691652228eddff9ccf32ecd096;-6.2;106.8;Advertising#Comparison;0.04;Windows;app,1
228efa9f1003d18f959b7210a2cd73cbccd49b4d,app,abacb55691278d33d73e40141159bc0fe4d1f7a1,716f57a6ea30792324b0a37d91d56965c67dc9b4,Technology & Computing,Unknown,0,1445993907,0,0,Android,4.4,0,Advan,Indosat,Phone,0,59865f8eeada81c6f84c245b3934fa69ae1f30ec,IDN,-6.2,106.8,0,User,69467,867760,2,Television,0.15,w,abacb55691278d33d73e40141159bc0fe4d1f7a1;-6.2;106.8;Television;0.15;Android;app,1
4263a7fd48de833eb00d06df8f5c558d498de91e,app,60490e3f25b6460d6a809c2ce9f6f8a0ddcdf90a,8fb3056ca3a06a7d3a5e45874db58b1f863f2961,Arts & Entertainment,Unknown,0,1445993878,0,0,Android,4.3,Asus TooI,Asus,Telkomsel,Phone,0,8f89b88aa280136458864c9183bd346a697360dd,IDN,-6.2,106.8,0,User,66591,866166,1,Advertising#Comparison,0.06,w,60490e3f25b6460d6a809c2ce9f6f8a0ddcdf90a;-6.2;106.8;Advertising#Comparison;0.06;Android;app,1
827186a075db2cd1a15817d71d9e67631e47bdbb,app,1ab335267bb1f1691652228eddff9ccf32ecd096,9e2f564ea8403f0e8a36366bcc4d29b2b86bd299,Society,Above the Fold,0,1445993873,33,F,Android,4.4,Samsung SM-T530,Samsung,0,Tablet,0,abc55354d3cc11f6a956556e8c30a515c47834c6,USA,40.1,-104.9,80504,User,57139,835106,2,Air Travel#Business Travel,0.02,w,1ab335267bb1f1691652228eddff9ccf32ecd096;40.1;-104.9;Air Travel#Business Travel;0.02;Android;app,1
67b49bbe3e2935d42450d14ffdc780a6fa6d26ca,app,1ab335267bb1f1691652228eddff9ccf32ecd096,08e04d2dd34c0937ada0d4d6476435295f834a0b,Arts & Entertainment#Humor,Above the Fold,0,1445993847,0,0,Android,4.4,Samsung GT-P5210,Samsung,Telstra,Tablet,0,b3321c1dab8095270cbabbb7d9ae36df9199356a,AUS,-35.3,138.5,5173,User,68979,866620,2,Cell Phones,0.19,w,1ab335267bb1f1691652228eddff9ccf32ecd096;-35.3;138.5;Cell Phones;0.19;Android;app,1
56d780142f3fd4af57f238fb4629c2c8e7a61a7b,app,abacb55691278d33d73e40141159bc0fe4d1f7a1,716f57a6ea30792324b0a37d91d56965c67dc9b4,Technology & Computing,Unknown,0,1445993830,0,0,iOS,9.1,Apple iPhone 5,Apple,Telkomsel,Mobile/Tablet,6372b0bc70f3744a715b6b3f5839a5f7f22bedc8,bcebb7e8f5caadd3354094a25fc337ddb3dc656b,IDN,-5,120,0,User,66591,866166,1,Advertising#Comparison,0.19,w,abacb55691278d33d73e40141159bc0fe4d1f7a1;-5;120;Advertising#Comparison;0.19;iOS;app,1
42488a301af243925d7fb95d42b8593fc1cf52f5,app,fd46e691570206d54ce2d212c3a55565489a97e3,802104e743aeaa813e5b146a4bec6665ffaffe54,Arts & Entertainment,Above the Fold,0,1445993829,0,0,0,0,Opera Mini 5,Opera,Indosat,Mobile/Tablet,6bb5894165ca626776a7253b51cb5a0970203773,ad41205941579f637b51c14a34e2b3f7970ef59b,IDN,38,-97,0,User,66591,866168,2,Advertising#Comparison,0.1,w,fd46e691570206d54ce2d212c3a55565489a97e3;38;-97;Advertising#Comparison;0.1;0;app,1
6d92304438213d2045e1b4eea31839f11e3b08e6,site,72cdc10800472953cbee41ff47ea775ddc48a506,9617148c3931560a2931682e2dddce27fb7f7819,News,Above the Fold,0,1445993816,0,0,Android,4.4,Samsung SM-G355H,Samsung,3,Phone,0,3a2ea2efcd765dea824ee099f09ee7a23dab9879,IDN,-6.2,106.8,0,User,66591,866166,1,Advertising#Comparison,0.06,w,72cdc10800472953cbee41ff47ea775ddc48a506;-6.2;106.8;Advertising#Comparison;0.06;Android;site,1
c7a9f28e4a344be4efd3e7ba09d8a39aeb2e79d3,app,1ab335267bb1f1691652228eddff9ccf32ecd096,9937c72538e99b0a09dafc6a5d6eb5dbfbb21c8b,Hobbies & Interests#Style & Fashion,Footer,0,1445993812,0,0,iOS,9.1,Apple iPhone,Apple,0,Mobile/Tablet,a3a9c36626551d608f1d0b547ab56c3b76e8128e,6ba716b8495817f0cfde33ce90536aa0a31735ca,IDN,-6.2,106.8,0,GPS,69231,867172,2,Buying/Selling Cars#Performance Vehicles,0.87,w,1ab335267bb1f1691652228eddff9ccf32ecd096;-6.2;106.8;Buying/Selling Cars#Performance Vehicles;0.87;iOS;app,1
590853e3924cb858f32be74bc735636aa9940452,app,9f9e722a5209569959fc30193020ebffa5d0f13e,25dfab977c44e218ebd0f948d114a9ba5116f470,Arts & Entertainment,Unknown,0,1445993806,21,M,Android,4.4,0,Cherry Mobile,0,Mobile/Tablet,0,c02f2c0225de1c0ae4d8af97a178d1b8691e4b20,PHL,14.6,121,1006,IP,69463,867756,2,Television,0.01,w,9f9e722a5209569959fc30193020ebffa5d0f13e;14.6;121;Television;0.01;Android;app,1
61937fbf41802b2076f1fc058f20f7ed0ffab386,app,1ab335267bb1f1691652228eddff9ccf32ecd096,08e04d2dd34c0937ada0d4d6476435295f834a0b,Arts & Entertainment#Humor,Above the Fold,0,1445993801,0,0,Android,4.4,Samsung SM-T330,Samsung,Telstra,Tablet,0,64534f5c0935311e36ae9da45bd3362b5f2de847,AUS,-37.9,145.1,3165,User,68979,866620,2,Cell Phones,0.19,w,1ab335267bb1f1691652228eddff9ccf32ecd096;-37.9;145.1;Cell Phones;0.19;Android;app,1
da9438e8f16982e9c443cd85770c0d04b792d97e,app,1ab335267bb1f1691652228eddff9ccf32ecd096,9e2f564ea8403f0e8a36366bcc4d29b2b86bd299,Society,Above the Fold,0,1445993780,25,M,Android,4.4,LG D295,LG,0,Mobile/Tablet,0,4daa53cfe6604a4a8e8db2503a68bfd2539eaf4a,PHL,14.6,121.1,860,IP,69463,867750,2,Television,0.01,w,1ab335267bb1f1691652228eddff9ccf32ecd096;14.6;121.1;Television;0.01;Android;app,1
38d12a8cf86dccf56369fb26d1221c5ef0a30e3c,app,1ab335267bb1f1691652228eddff9ccf32ecd096,9937c72538e99b0a09dafc6a5d6eb5dbfbb21c8b,Hobbies & Interests#Style & Fashion,Footer,0,1445993744,0,0,iOS,9.1,Apple iPad,Apple,Telstra,Mobile/Tablet,7d34317c4ab30e4c5ac80c9d06b27c428eb67bd8,51dcf85e1312504d2e8c3a0ad4dff35d6754533d,AUS,-33.9,151.2,1001,IP,68983,866624,2,Cell Phones,0.19,w,1ab335267bb1f1691652228eddff9ccf32ecd096;-33.9;151.2;Cell Phones;0.19;iOS;app,1
6e121561fb35e686f6d9999d4904d2beec2336ee,app,1ab335267bb1f1691652228eddff9ccf32ecd096,9e2f564ea8403f0e8a36366bcc4d29b2b86bd299,Society,Above the Fold,0,1445993742,19,M,Android,4.1,Samsung GT-S6310,Samsung,Telkomsel,Phone,0,f9e359c1aeabded16455d7afd54770739a32382f,IDN,-5,120,0,User,66591,866164,2,Advertising#Comparison,0.08,w,1ab335267bb1f1691652228eddff9ccf32ecd096;-5;120;Advertising#Comparison;0.08;Android;app,1
4ac4b45248dd5652eb83a4558ffa36794769d118,app,9f9e722a5209569959fc30193020ebffa5d0f13e,f3f447abf6aa15def97ddbcc0f8694eb8d8a4839,Arts & Entertainment,Above the Fold,0,1445993732,26,M,Android,4.4,0,0,Telkomsel,Mobile/Tablet,0,3a32b0e199b0cd5c8303c1ab56fb7fc720d28e70,IDN,-6.2,106.8,0,User,66591,866166,1,Advertising#Comparison,0.06,w,9f9e722a5209569959fc30193020ebffa5d0f13e;-6.2;106.8;Advertising#Comparison;0.06;Android;app,1
5485a1c856cd9e419eb9ea307cdabbe01e58e00a,site,b5cec46354cb42ef053ffccaaf44f872b195025c,79ce22df51c64addebf920fc22b371b54323821f,Arts & Entertainment,Unknown,0,1445993713,0,0,Android,4.2,Oppo R831K,Oppo,Telkomsel,Phone,0,9b261774d918321956b6daa9ee971f300c9b36db,IDN,-5,120,0,User,66591,866166,1,Advertising#Comparison,0.06,w,b5cec46354cb42ef053ffccaaf44f872b195025c;-5;120;Advertising#Comparison;0.06;Android;site,2
b1108238c3d8ae5f45adf89ac75279f11e348692,app,1ab335267bb1f1691652228eddff9ccf32ecd096,aa593085d967056b2e04d18cf053ac71221b6335,Technology & Computing,Footer,0,1445993710,47,M,Android,4.4,0,Smartfren,0,Phone,0,079b3f7f6d5bd11237b0b42ebfef5e6c4f786589,IDN,-7,107.7,40287,User,69231,867170,2,Buying/Selling Cars#Performance Vehicles,0.91,w,1ab335267bb1f1691652228eddff9ccf32ecd096;-7;107.7;Buying/Selling Cars#Performance Vehicles;0.91;Android;app,1
da79805983f452b69654ccbc3103feabfca4f5e4,app,abacb55691278d33d73e40141159bc0fe4d1f7a1,716f57a6ea30792324b0a37d91d56965c67dc9b4,Technology & Computing,Unknown,0,1445993709,0,0,Android,4.4,Samsung SM-T330,Samsung,Telstra,Tablet,0,1d319ede44ccefd3619e02da7a0892357d35aa14,AUS,-37.8,147.7,3882,User,68979,866620,2,Cell Phones,0.19,w,abacb55691278d33d73e40141159bc0fe4d1f7a1;-37.8;147.7;Cell Phones;0.19;Android;app,1
6505f8558b3915806f38f9b2dbb868df57cb3237,app,abacb55691278d33d73e40141159bc0fe4d1f7a1,2a6ebd61bda594b9a63ac36e56fbf739aaafffa3,Technology & Computing,Unknown,0,1445993707,0,0,Windows,8,0,0,Excelcomindo,Phone,0,18051585118d82e3e1a5b32d69f2106d06d11ec5,IDN,-6.1,106.8,11430,User,66591,866164,2,Advertising#Comparison,0.06,w,abacb55691278d33d73e40141159bc0fe4d1f7a1;-6.1;106.8;Advertising#Comparison;0.06;Windows;app,1
b61e2bdad8a6f428946783713451b86cb7fec400,site,1ab335267bb1f1691652228eddff9ccf32ecd096,f161bd900644a3a5b46b8989bb239fa6206fb571,Arts & Entertainment,Above the Fold,0,1445993706,0,0,Android,4.4,Samsung GT-I9505,Samsung,0,Phone,0,51f95bc490d5e90d108c4d3135d15a3e7e8385cf,PHL,14.6,121,1503,IP,69463,867748,2,Television,0.7,w,1ab335267bb1f1691652228eddff9ccf32ecd096;14.6;121;Television;0.7;Android;site,1
7fed22c9750d37d0ef15a6d6ccfae9f814d0b779,site,1fc1830e2285d1335799a74066d3af021961a85f,6bf7f9e385a2cef256507790c89fb851e1f1a753,Arts & Entertainment,Above the Fold,0,1445993688,0,0,iOS,7.1,Apple iPhone,Apple,0,Phone,ee1cb62e2bf79545cff3a1785955de258c913d11,ebe5ccb069d6e834cdf729ea66d9a7149bbe0b56,SGP,1.3,103.9,0,User,69471,867780,2,Television,0.18,w,1fc1830e2285d1335799a74066d3af021961a85f;1.3;103.9;Television;0.18;iOS;site,1
163e8cdd28e8bc107b39e905a4aaef4a98a14a0e,app,699fd22f414575e5b3d9963e7e45e27dc8b6be1d,1ddb3a8768130713e7ed28a4a1fcc7f95b3c1051,Hobbies & Interests,Footer,0,1445993686,0,0,Android,4.2,0,ALCATEL,0,Tablet,0,623dfcf76256f5da38be58b38ccfe5878befddbf,USA,38.7,-121.4,95843,User,57139,835106,2,Air Travel#Business Travel,0.02,w,699fd22f414575e5b3d9963e7e45e27dc8b6be1d;38.7;-121.4;Air Travel#Business Travel;0.02;Android;app,1
0d2c4df44ef4c51d180cdbf6087fa62a489585e3,app,abacb55691278d33d73e40141159bc0fe4d1f7a1,716f57a6ea30792324b0a37d91d56965c67dc9b4,Technology & Computing,Unknown,0,1445993652,0,0,Android,5,0,Asus,Indosat,Mobile/Tablet,0,13c31b1a1d33ceacb617d66fc7b2a2e92b176011,IDN,-6.2,106.8,0,User,70747,871730,2,Comparison,0.07,w,abacb55691278d33d73e40141159bc0fe4d1f7a1;-6.2;106.8;Comparison;0.07;Android;app,1
dba6f9af1a1bd8ad8ec7bb77f26d75c407c145db,app,d35dbb33e40db46f50b4bbaa80120d5b7825ece0,6108cc7cbeb1302218590e7f9f9aaef892590f8d,Technology & Computing,Above the Fold,0,1445993639,0,0,Android,4.4,0,Lenovo,0,Phone,0,23b91075a05dd807fb240902ce6638b2153a51f9,PHL,14.6,121,0,IP,69463,867754,1,Television,3,w,d35dbb33e40db46f50b4bbaa80120d5b7825ece0;14.6;121;Television;3;Android;app,1
a98b18b5c541b2af4a4bdea5dc6f65e075172ca9,app,1ab335267bb1f1691652228eddff9ccf32ecd096,0433d752a493257628969d62ca9ddfb986be6246,Technology & Computing,Footer,0,1445993616,19,M,Android,4.4,0,Samsung,Telkomsel,Phone,0,c762e38889a35f56ec27b7433cbe683ad16a018d,IDN,-6.9,107.6,0,User,66591,866168,2,Advertising#Comparison,0.02,w,1ab335267bb1f1691652228eddff9ccf32ecd096;-6.9;107.6;Advertising#Comparison;0.02;Android;app,1
a4544282d56ff90fab16413944d24cd362d058ee,app,9f9e722a5209569959fc30193020ebffa5d0f13e,f3f447abf6aa15def97ddbcc0f8694eb8d8a4839,Arts & Entertainment,Above the Fold,0,1445993608,46,F,iOS,8.1,Apple iPhone,Apple,0,Phone,0,ecf9e133f75bd7b338728c893b2642ed59ab4227,PHL,14.8,120.4,0,IP,69463,867750,2,Television,0.03,w,9f9e722a5209569959fc30193020ebffa5d0f13e;14.8;120.4;Television;0.03;iOS;app,1
b077683d626529dfccc95c03a6eb35c027f51f7e,app,7ba4d649042a1a655f3a3ba02267fa1ab66d17e7,a9fe9aff8929976f110b27a8aef236516adaa6d6,Arts & Entertainment,Above the Fold,0,1445993593,12,M,Android,4.4,0,0,0,Tablet,0,d0ff06ca6812fd26ae05697740c74bb088e06c1f,USA,32.4,-99.7,34023,User,57139,835106,2,Air Travel#Business Travel,0.02,w,7ba4d649042a1a655f3a3ba02267fa1ab66d17e7;32.4;-99.7;Air Travel#Business Travel;0.02;Android;app,1
2fb29566e505161bf27dcec441a628595517d404,app,1ab335267bb1f1691652228eddff9ccf32ecd096,9937c72538e99b0a09dafc6a5d6eb5dbfbb21c8b,Hobbies & Interests#Style & Fashion,Footer,0,1445993565,0,0,Android,4.4,Asus T00G,Asus,Telkomsel,Phone,0,f4bc08e2c94acf2702b0f9f6ad55f01f49af999a,IDN,-6.2,107,0,IP,66591,866164,1,Advertising#Comparison,0.68,w,1ab335267bb1f1691652228eddff9ccf32ecd096;-6.2;107;Advertising#Comparison;0.68;Android;app,1
da8a2a098565289965636450e8b43aa35199a995,site,707dd12d6fb3866defe399876378197dcc0e354d,52495a8610395e5780f602c7f19b76fba57154a8,Arts & Entertainment,Above the Fold,0,1445993550,0,0,Android,4.4,0,Samsung,Telkomsel,Phone,0,11b01a3e7f19035c7e3256119272acf0060cb020,IDN,-7.2,112.8,0,IP,66591,866164,1,Advertising#Comparison,0.68,w,707dd12d6fb3866defe399876378197dcc0e354d;-7.2;112.8;Advertising#Comparison;0.68;Android;site,1
d68ed97270d7d1fc7f405b6f9a3ba9f3b9b69730,app,fd46e691570206d54ce2d212c3a55565489a97e3,fefd0beb247725e743bbc60d2d7bd3a318a8eb1e,Sports,Above the Fold,0,1445993547,0,0,Android,4.2,Lenovo A316i,Lenovo,Telkomsel,Phone,0,562f1e18193af779b0bb0a014c1ef72b478ca317,IDN,-6.2,106.8,0,User,69467,867764,2,Television,0.02,w,fd46e691570206d54ce2d212c3a55565489a97e3;-6.2;106.8;Television;0.02;Android;app,1
8cc4d5d5204d904921b2dea4a3c3cb2e558821f3,app,c2b8ed201bdf8a825e6d8d6710c80b6f000ddebe,0bb80eb9054a98ffa8d00315fec74d23cb5cfd87,Arts & Entertainment,Unknown,0,1445993489,0,0,Android,5,Samsung SM-G900I,Samsung,Telstra,Mobile/Tablet,0,85943da6b33cf9045e1a9f5339339021588da991,AUS,-27.5,153,34023,User,68979,866620,2,Cell Phones,0.19,w,c2b8ed201bdf8a825e6d8d6710c80b6f000ddebe;-27.5;153;Cell Phones;0.19;Android;app,1
0bdb9f16c3be0d3abc9569256c6bf7d8c581ffcf,app,1ab335267bb1f1691652228eddff9ccf32ecd096,9e2f564ea8403f0e8a36366bcc4d29b2b86bd299,Society,Above the Fold,0,1445993467,21,M,Android,4.3,Asus TooI,Asus,Indosat,Phone,0,0aa9b1ce5bdc243fd4d5658363c4c86ea8cfe4e0,IDN,-6.2,106.8,0,User,69467,867760,2,Television,0.15,w,1ab335267bb1f1691652228eddff9ccf32ecd096;-6.2;106.8;Television;0.15;Android;app,1
139afeecee4e9a194fe7839fd71f00acf488c602,app,1ab335267bb1f1691652228eddff9ccf32ecd096,08e04d2dd34c0937ada0d4d6476435295f834a0b,Arts & Entertainment#Humor,Above the Fold,0,1445993437,0,0,Android,4.2,Acer Z1,Acer,Telkomsel,Phone,0,c43ee715a72ee2c860f96cdfc6bd8e67fdaa3a03,IDN,-6.2,106.8,0,User,69467,867762,1,Television,0.22,w,1ab335267bb1f1691652228eddff9ccf32ecd096;-6.2;106.8;Television;0.22;Android;app,1
50cd6964a345dc2620eef13e1c4abab208739ace,app,1ab335267bb1f1691652228eddff9ccf32ecd096,9e2f564ea8403f0e8a36366bcc4d29b2b86bd299,Society,Above the Fold,0,1445993432,34,M,Android,4.2,Onda V975s Core4,Onda,0,Tablet,4f2170078bbfeccd80f030449b807e0e6e5f273f,a51b251d3306eebd90e9cd2287419447e0e13e75,USA,40.7,-74,11211,User,57815,839818,2,Couponing,0.25,w,1ab335267bb1f1691652228eddff9ccf32ecd096;40.7;-74;Couponing;0.25;Android;app,1
8721025d9bea598e5c5e0e92a0181660932872f6,app,b2f4d576226ba0fd0e4ccd1ac29093b55eaacf33,349665255a97b2ba0ba4432f83b181ae917e96e7,Society,Above the Fold,0,1445993428,43,F,iOS,9.1,Apple iPhone,Apple,0,Mobile/Tablet,b1fc91b38210439d44a46697e454f99b7631e8fc,a817814aece94ce009788f75d937389565d2b652,USA,35.1,-101.8,0,GPS,54667,872738,2,0,0.55,w,b2f4d576226ba0fd0e4ccd1ac29093b55eaacf33;35.1;-101.8;0;0.55;iOS;app,1
94c82552a358ee14deb89ac27864ad0dafb49e69,app,1ab335267bb1f1691652228eddff9ccf32ecd096,9937c72538e99b0a09dafc6a5d6eb5dbfbb21c8b,Hobbies & Interests#Style & Fashion,Footer,0,1445993402,0,0,Windows,8,Nokia Lumia 520,Nokia,0,Phone,0,dcbc82f449c75c3c7f788eb6e78d0d217be222b4,ROU,44.5,26.1,77190,IP,70811,871946,2,Cell Phones,0.01,w,1ab335267bb1f1691652228eddff9ccf32ecd096;44.5;26.1;Cell Phones;0.01;Windows;app,1
85965ab12f65fe908b543171ad4d4cfcc9cb82a0,app,1ab335267bb1f1691652228eddff9ccf32ecd096,8766f170b9f659e2f28c97e8a8f4e5f36ad79257,Music#Arts & Entertainment,Header,0,1445993358,0,0,iOS,8.4,Apple iPhone 5,Apple,Telkomsel,Mobile/Tablet,04da62ac73742ba4313ae0137294f84c40d142cd,66f72e929c87b4ec176f95006c75aa5e0db42e8c,IDN,-8.1,115.1,81161,User,70747,871732,1,Comparison,0.15,w,1ab335267bb1f1691652228eddff9ccf32ecd096;-8.1;115.1;Comparison;0.15;iOS;app,1
a806a406ca29389f9ae7112cde755b8b8e8fc172,site,c2b8ed201bdf8a825e6d8d6710c80b6f000ddebe,b889856f1564c3f9c5c89aa957f1f47678661e59,Science#Weather,Unknown,0,1445993350,0,0,Android,4.4,Wiko Rainbow,Wiko,Telkomsel,Phone,0,c638da266828c3c89dbe4c031f89ddf1fd5b5126,IDN,-6.2,106.8,0,User,71007,872482,2,Comparison#Couponing,0.05,w,c2b8ed201bdf8a825e6d8d6710c80b6f000ddebe;-6.2;106.8;Comparison#Couponing;0.05;Android;site,1
bbc27ec40078f59935ec17fe291f492c9833ad8a,app,d35dbb33e40db46f50b4bbaa80120d5b7825ece0,a9c941543521ddf3de3477892558beb8be3fe32b,Arts & Entertainment,Above the Fold,0,1445993295,0,0,Android,4.4,Advan Vandroid S5E,Advan Vandroid,Telkomsel,Phone,0,ebe4c89a52ed6501f4b197bb1a510685c06884d6,IDN,-5,120,0,User,66591,866164,2,Advertising#Comparison,0.03,w,d35dbb33e40db46f50b4bbaa80120d5b7825ece0;-5;120;Advertising#Comparison;0.03;Android;app,1
a46df2b83f5da32e6345c739ca728131199d1c9b,app,7ba4d649042a1a655f3a3ba02267fa1ab66d17e7,a9fe9aff8929976f110b27a8aef236516adaa6d6,Arts & Entertainment,Above the Fold,0,1445993251,13,F,0,0,Opera Mini 5,Opera,Telkomsel,Mobile/Tablet,204151f14e5e46f76a9e1f450cc01d98a2c9e5e6,9740ebd9939e41c0091d9358a8cf63b1474f502d,IDN,35,105,0,IP,66591,866168,2,Advertising#Comparison,0.1,w,7ba4d649042a1a655f3a3ba02267fa1ab66d17e7;35;105;Advertising#Comparison;0.1;0;app,1
e657af664fff2a8550ed0dff25ba9dc1e68b0622,site,707dd12d6fb3866defe399876378197dcc0e354d,52495a8610395e5780f602c7f19b76fba57154a8,Arts & Entertainment,Above the Fold,0,1445993190,0,0,iOS,9.1,Apple iPhone,Apple,Globe Telecom PH,Mobile/Tablet,0,434e263aa9c8706086ae1afafc0a7123a6c24bd3,PHL,14.6,121.1,860,IP,69463,867752,2,Television,0.02,w,707dd12d6fb3866defe399876378197dcc0e354d;14.6;121.1;Television;0.02;iOS;site,1
b64fb06718de3d0864c369590cff145c8efb0cd0,app,1ab335267bb1f1691652228eddff9ccf32ecd096,9937c72538e99b0a09dafc6a5d6eb5dbfbb21c8b,Hobbies & Interests#Style & Fashion,Footer,0,1445993144,0,0,Android,4.4,Samsung SM-G900T,Samsung,Cox Communications,Phone,0,43b17fe30838bc40e61bee9f241d2c6a7e2fcd5a,USA,29.4,-100.9,78840,User,57139,835106,2,Air Travel#Business Travel,0.02,w,1ab335267bb1f1691652228eddff9ccf32ecd096;29.4;-100.9;Air Travel#Business Travel;0.02;Android;app,1
03146db9b1bea5d7fef81f39e1b950eed0b3c13b,app,9f9e722a5209569959fc30193020ebffa5d0f13e,f3f447abf6aa15def97ddbcc0f8694eb8d8a4839,Arts & Entertainment,Above the Fold,0,1445993144,41,M,Android,4.4,Samsung SM-G313HZ,Samsung,Excelcomindo,Phone,0,5a4493339394f8c409858edad784f7d7f8eaac18,IDN,-5,120,0,User,66591,866166,1,Advertising#Comparison,0.06,w,9f9e722a5209569959fc30193020ebffa5d0f13e;-5;120;Advertising#Comparison;0.06;Android;app,1
a0cf5c018c4ae1109edff2ad064039ab81a8ef69,app,1ab335267bb1f1691652228eddff9ccf32ecd096,7db3d1aec9fa79e0395d282339881349cfd1a529,Hobbies & Interests,Above the Fold,0,1445993091,0,0,Android,4.4,0,Xiaomi,3,Phone,0,85eb74f31bb72fbcfcc96580e2f5b232ac2f0198,IDN,-7.2,112.8,0,User,66591,866168,1,Advertising#Comparison,0.08,w,1ab335267bb1f1691652228eddff9ccf32ecd096;-7.2;112.8;Advertising#Comparison;0.08;Android;app,1
ba2ab0adf48c458c46838a1aa80650cb26431e60,app,1ab335267bb1f1691652228eddff9ccf32ecd096,6b887760360f0d3f6d3feccc3ef13a6e5f88e45f,Society,Above the Fold,0,1445993060,13,M,iOS,9,Apple iPad,Apple,0,Mobile/Tablet,0,3073f5e72a5067a6004fe7debba5337620d8353c,PHL,14.6,121.2,1880,IP,69463,867748,2,Television,0.1,w,1ab335267bb1f1691652228eddff9ccf32ecd096;14.6;121.2;Television;0.1;iOS;app,1
d19f219a871528a45aeb507f865be1e85df6bb16,site,707dd12d6fb3866defe399876378197dcc0e354d,e7034e15fc2687bb0098baac3c9e87a6dda9ba04,Arts & Entertainment,Header,0,1445993059,0,0,iOS,7,Apple iPad,Apple,0,Tablet,0,1d81f802f002886cb96deee170687816b85d4211,PHL,14.3,121.1,4116,IP,69463,867750,2,Television,0.04,w,707dd12d6fb3866defe399876378197dcc0e354d;14.3;121.1;Television;0.04;iOS;site,1
9351552f0338c4dd084c0b508c75c3f5d838b2cd,app,1ab335267bb1f1691652228eddff9ccf32ecd096,fba8759137fdf4647352b4a5d29401e4850cd950,Hobbies & Interests#Style & Fashion,Footer,0,1445993021,0,0,Android,5.1,Nvidia Shield Tablet,Nvidia,AT&T Mobility,Mobile/Tablet,0,8e5f0a41ecec159a1c5d8c6ea289d9e636ab3c58,USA,33,-96.7,75082,IP,66599,832120,2,Buying/Selling Cars#Performance Vehicles,0.17,w,1ab335267bb1f1691652228eddff9ccf32ecd096;33;-96.7;Buying/Selling Cars#Performance Vehicles;0.17;Android;app,1
87c5bb4ce28ab95407c7d5f247368b2a5062a693,app,abacb55691278d33d73e40141159bc0fe4d1f7a1,2a6ebd61bda594b9a63ac36e56fbf739aaafffa3,Technology & Computing,Unknown,0,1445992995,0,0,Android,5.1,Sony D5803,Sony,0,Mobile/Tablet,0,98f61a8b22d627381298ec65a9214e9c26d06d3f,ROU,44.2,28.6,0,IP,70811,871946,2,Cell Phones,0.03,w,abacb55691278d33d73e40141159bc0fe4d1f7a1;44.2;28.6;Cell Phones;0.03;Android;app,1
de60a46a8df833a036d30ad1ef117bc821ec269a,app,699fd22f414575e5b3d9963e7e45e27dc8b6be1d,1ddb3a8768130713e7ed28a4a1fcc7f95b3c1051,Hobbies & Interests,Footer,0,1445992921,0,0,Android,5,0,Xiaomi,Telkomsel,Mobile/Tablet,0,7dc3e6d69889aa661c0d8b13ccc064abddae1356,IDN,-7.1,112.6,61121,User,66591,866168,2,Advertising#Comparison,0.28,w,699fd22f414575e5b3d9963e7e45e27dc8b6be1d;-7.1;112.6;Advertising#Comparison;0.28;Android;app,1
d63c71f69f613fb06ed342c21a532c8a768ca957,app,699fd22f414575e5b3d9963e7e45e27dc8b6be1d,a0359fa86cf35556bd5772747615b6d1a3e1701c,Hobbies & Interests,Footer,0,1445992908,0,0,Android,4.4,0,0,AT&T Mobility,Tablet,0,f381758834190697272b40842c6063b46a324377,USA,29.8,-81.3,32080,User,57139,835106,2,Air Travel#Business Travel,0.02,w,699fd22f414575e5b3d9963e7e45e27dc8b6be1d;29.8;-81.3;Air Travel#Business Travel;0.02;Android;app,1
3e4ec2762d945db3265d4e6203d99076c8a4d264,app,1ab335267bb1f1691652228eddff9ccf32ecd096,8961fcd8a83fa3bd8df4630d7bbbc5c9825ec038,Arts & Entertainment,Footer,0,1445992895,0,0,Android,4.2,Lenovo B6000-F,Lenovo,Telstra,Tablet,0,86d79351424750b7f014df3600bcff06899cd203,AUS,-31.9,115.9,6052,User,68979,866620,2,Cell Phones,0.19,w,1ab335267bb1f1691652228eddff9ccf32ecd096;-31.9;115.9;Cell Phones;0.19;Android;app,2
cd5f49a358f1db3526ebf1fcf5f968afb17da5eb,app,cdf98b73fa14d95ff358c7366b987214221941c8,a0f46b0481d2d20ebeb03ba9404ce0aa4aa81957,Arts & Entertainment,Unknown,0,1445992887,0,0,Android,4.4,Samsung SM-G530H,Samsung,Indosat,Mobile/Tablet,0,ff84450c2abe6f3b2af4815396831b0a573b1a60,IDN,-6.2,106.8,0,User,66591,866168,2,Advertising#Comparison,0.03,w,cdf98b73fa14d95ff358c7366b987214221941c8;-6.2;106.8;Advertising#Comparison;0.03;Android;app,1
456274a1d2087dd2e8c3a8a6ff5866663528cbc8,app,1ab335267bb1f1691652228eddff9ccf32ecd096,d8e8a188f1f6af78d7c69428376305f1298eee2b,Technology & Computing,Above the Fold,0,1445992867,0,0,Android,4.4,0,Samsung,Excelcomindo,Phone,0,ac4ee3c7d3bce16eb52a9d2603754da27c8967d5,IDN,-6.2,106.8,0,User,66591,866166,1,Advertising#Comparison,0.06,w,1ab335267bb1f1691652228eddff9ccf32ecd096;-6.2;106.8;Advertising#Comparison;0.06;Android;app,6
3cb416d6ebd9cd117b40aa049f76a1c8e4abbbfb,app,52be8a8b8f16a455c8e67369cac9f40a8944ba9b,e57f5f8db4d73dcbba65213910aadcda3b49b7ca,Arts & Entertainment#Humor,Above the Fold,0,1445992798,0,0,Android,4.4,ZTE Z970,ZTE,T-Mobile,Phone,0,066bdf3dfc4386a024a6fdcc350a5f6428a9a167,USA,38,-97,0,User,54667,786814,2,Couponing#Celebrity Fan/Gossip,0.56,w,52be8a8b8f16a455c8e67369cac9f40a8944ba9b;38;-97;Couponing#Celebrity Fan/Gossip;0.56;Android;app,1
082c334588da463ef86a8e7ff8c6cf93b7ac6e97,app,699fd22f414575e5b3d9963e7e45e27dc8b6be1d,1ddb3a8768130713e7ed28a4a1fcc7f95b3c1051,Hobbies & Interests,Footer,0,1445992797,0,0,iOS,9.1,Apple iPhone,Apple,Optus,Mobile/Tablet,0,fa7494e5a4470dfbe66b7def525dc7bd60b5e5f5,AUS,-27,133,0,IP,68983,866624,2,Cell Phones,0.2,w,699fd22f414575e5b3d9963e7e45e27dc8b6be1d;-27;133;Cell Phones;0.2;iOS;app,1
e775af6a5b35d1e6f6ee7a5f820567df5e4cbc09,site,1ab335267bb1f1691652228eddff9ccf32ecd096,53ce7713950bd1a02752399220c2cd29b44e1425,Arts & Entertainment,Above the Fold,0,1445992774,0,0,Android,4.4,Samsung SM-G530H,Samsung,Indosat,Phone,0,8e02b4ed1070236903ed42cea843f6636d866fb1,IDN,-6.2,106.8,0,User,66591,866164,2,Advertising#Comparison,0.13,w,1ab335267bb1f1691652228eddff9ccf32ecd096;-6.2;106.8;Advertising#Comparison;0.13;Android;site,1
b69201e2b76d3e463f38b5b52f3586102dfefb20,site,1731eba48b2795c678092a2f2a292c954e258f3e,4a7a70abff46de722870919dc47aa125a6e2bbf2,Music#Technology & Computing,Unknown,0,1445992746,0,0,Android,4.4,0,Samsung,Telkomsel,Mobile/Tablet,0,22ab550edd891cfb48f612e2454545e632b8e302,IDN,-6.2,106.8,0,IP,71007,872478,2,Comparison#Couponing,0.09,w,1731eba48b2795c678092a2f2a292c954e258f3e;-6.2;106.8;Comparison#Couponing;0.09;Android;site,1
9d6d7d91f953bff46952614ebead6be4b0259558,app,fd46e691570206d54ce2d212c3a55565489a97e3,802104e743aeaa813e5b146a4bec6665ffaffe54,Arts & Entertainment,Above the Fold,0,1445992729,0,0,Windows,8,0,Nokia,Telkomsel,Mobile/Tablet,0,58bb74f3cee40af4a91a6bc0d3a02a1931455e32,IDN,-6.2,106.8,0,User,66591,866164,1,Advertising#Comparison,0.1,w,fd46e691570206d54ce2d212c3a55565489a97e3;-6.2;106.8;Advertising#Comparison;0.1;Windows;app,1
ddcafa2b4d4e50a37138435549d0b21821fe13ea,app,abacb55691278d33d73e40141159bc0fe4d1f7a1,716f57a6ea30792324b0a37d91d56965c67dc9b4,Technology & Computing,Unknown,0,1445992726,0,0,Android,4.4,0,Acer,Telkomsel,Phone,0,f851053dcf6dea9aced4128ad128bc32cfb96de4,IDN,-5,120,0,User,66591,866166,1,Advertising#Comparison,0.06,w,abacb55691278d33d73e40141159bc0fe4d1f7a1;-5;120;Advertising#Comparison;0.06;Android;app,2
7019ded84596e338cf219c4d4b9058ff8af137e6,app,ba4b3944234c2b22e3e2ec3896348494c7f8831e,7e0a26360553a6f5dc3221ebd46fe294924434e8,Music#Arts & Entertainment,Unknown,0,1445992722,0,0,Android,5,0,HTC,FarEasTone TW,Mobile/Tablet,0,3150361e490aedd952a2694c9264eaf98e7c763e,TWN,23,120.2,0,IP,70759,871830,2,Board Games/Puzzles#Roleplaying Games,0.45,w,ba4b3944234c2b22e3e2ec3896348494c7f8831e;23;120.2;Board Games/Puzzles#Roleplaying Games;0.45;Android;app,1
9cc42074029456b6cccbef0f1c7fd02b4f8daad8,app,1ab335267bb1f1691652228eddff9ccf32ecd096,9937c72538e99b0a09dafc6a5d6eb5dbfbb21c8b,Hobbies & Interests#Style & Fashion,Footer,0,1445992711,0,0,iOS,8.1,Apple iPad,Apple,0,Tablet,0,eb27a2b4f3ba9840946bdef2cd20b28363c8395c,SGP,1.3,103.9,0,GPS,69471,867778,2,Television,0.04,w,1ab335267bb1f1691652228eddff9ccf32ecd096;1.3;103.9;Television;0.04;iOS;app,2
be318212891d9411a01443c76733e5d719149344,app,c2b8ed201bdf8a825e6d8d6710c80b6f000ddebe,0bb80eb9054a98ffa8d00315fec74d23cb5cfd87,Arts & Entertainment,Unknown,0,1445992697,0,0,Android,4.4,0,Asus,3,Phone,0,5438810971f91f0c0858eb4c1a534b2b36289acd,IDN,-5,120,0,User,66591,866166,1,Advertising#Comparison,0.06,w,c2b8ed201bdf8a825e6d8d6710c80b6f000ddebe;-5;120;Advertising#Comparison;0.06;Android;app,1
e089bec6a1139c7200c2bdb63128741203ecdd79,app,abacb55691278d33d73e40141159bc0fe4d1f7a1,716f57a6ea30792324b0a37d91d56965c67dc9b4,Technology & Computing,Unknown,0,1445992673,0,0,0,0,0,Nokia,Indosat,Phone,0,d5ad4c6e58e4c5851e14ca6b88ef30459ba7ccdc,IDN,-6.2,106.8,0,User,69231,867170,1,Buying/Selling Cars#Performance Vehicles,0.88,w,abacb55691278d33d73e40141159bc0fe4d1f7a1;-6.2;106.8;Buying/Selling Cars#Performance Vehicles;0.88;0;app,1
8a422c768265bfe73d07df5f130245a5dcb031dc,app,1ab335267bb1f1691652228eddff9ccf32ecd096,d8e8a188f1f6af78d7c69428376305f1298eee2b,Technology & Computing,Above the Fold,0,1445992646,0,0,iOS,8.3,Apple iPad,Apple,0,Mobile/Tablet,0,eadfbcac9cae811ff72f0723e92c814bbce93eab,PHL,14.6,121,0,IP,69463,867750,2,Television,0.02,w,1ab335267bb1f1691652228eddff9ccf32ecd096;14.6;121;Television;0.02;iOS;app,2
fd93c55b154a12d0244318f75828c5752829311a,site,1ab335267bb1f1691652228eddff9ccf32ecd096,736226ea044f05800ccd568e3065b694d68b3a1e,Arts & Entertainment#Books & Literature,Above the Fold,0,1445992605,0,0,Android,4.4,Motorola XT1080,Motorola,0,Mobile/Tablet,c9ed88256b4472b177c118eeccf2a7f043032560,02d27e15a36dd10c30f4a1234ab252c5d70dd709,USA,32.7,-114.5,85365,IP,63515,839848,2,Coffee/Tea#Chinese Cuisine,0.17,w,1ab335267bb1f1691652228eddff9ccf32ecd096;32.7;-114.5;Coffee/Tea#Chinese Cuisine;0.17;Android;site,1
0f6e11771454aff56432c2ab255fa7c86f4f4268,site,1ab335267bb1f1691652228eddff9ccf32ecd096,b60a84ea628001a9cf0f699a429864db2e5e754e,Arts & Entertainment,Above the Fold,0,1445992583,0,0,Android,4.4,0,Huawei,3,Mobile/Tablet,0,aff2f10d2fcc36c9d3f457a3fda99024f5ae476d,IDN,-6.2,106.8,0,User,69231,867170,2,Buying/Selling Cars#Performance Vehicles,0.91,w,1ab335267bb1f1691652228eddff9ccf32ecd096;-6.2;106.8;Buying/Selling Cars#Performance Vehicles;0.91;Android;site,1
04a958a9801a8a4e5f5f7b4f118edb4d022fff5a,site,feadcd8b3435546c6489ce67c66d95b174456446,f73126765b199932a3501f5eab5d80fe2f9f2b5f,Arts & Entertainment,Unknown,0,1445992580,0,0,Android,4.4,Samsung SM-G313HZ,Samsung,3,Phone,0,e616b1d10dad0294d85436a6350658b33e746fbe,IDN,-3.3,114.6,0,User,66591,866164,2,Advertising#Comparison,0.02,w,feadcd8b3435546c6489ce67c66d95b174456446;-3.3;114.6;Advertising#Comparison;0.02;Android;site,1
9130b0832a8a4509deac98790b8ce6c12135a943,app,1ab335267bb1f1691652228eddff9ccf32ecd096,c7f3553ced216a983e60b8206389fc34cce69e49,Hobbies & Interests#Style & Fashion,Footer,0,1445992567,0,0,Windows,7.5,Nokia Lumia 800,Nokia,Telkomsel,Phone,0,a70efc1655a2f07b06884fcaa6f069ecbddf3459,IDN,-6.1,106.8,11430,User,66591,866168,1,Advertising#Comparison,0.06,w,1ab335267bb1f1691652228eddff9ccf32ecd096;-6.1;106.8;Advertising#Comparison;0.06;Windows;app,1
c30ee93423e3475d73ce3a59786cbd96f8988a4f,app,6d127e7f689a70d18fd198660a7eab37c1b5745a,075af76120ae0f2db5f240a74fd7e37a0815604f,Technology & Computing#Arts & Entertainment,Footer,0,1445992552,37,M,Android,4.1,LG E445,LG,Telkomsel,Phone,0,da5090e5d234d23e89dd2dba4df10df79a18df38,IDN,-6.2,106.8,0,User,66591,866166,1,Advertising#Comparison,0.06,w,6d127e7f689a70d18fd198660a7eab37c1b5745a;-6.2;106.8;Advertising#Comparison;0.06;Android;app,1
b0f167354d48c431d720d1f7a0b5a6d1a7b079a1,site,1ab335267bb1f1691652228eddff9ccf32ecd096,eb7dc0560ced55c07c05dad5ed04ec352f9ec832,Arts & Entertainment,Header,0,1445992542,0,0,Android,4.4,0,HP,Telkomsel,Tablet,0,c28c5134fef909c171821430b536141f7b08d6ce,IDN,-5,120,34023,User,66591,866168,2,Advertising#Comparison,0.35,w,1ab335267bb1f1691652228eddff9ccf32ecd096;-5;120;Advertising#Comparison;0.35;Android;site,1
e6e68b271c96cceb49c1a3b007824420e95cbc5f,app,1ab335267bb1f1691652228eddff9ccf32ecd096,c7f3553ced216a983e60b8206389fc34cce69e49,Hobbies & Interests#Style & Fashion,Footer,0,1445992537,0,0,Android,5,Samsung SM-G900P,Samsung,Sprint Wireless,Mobile/Tablet,0,d9cd93c3c2f46e34d1117e989bb6f7ad130558f6,USA,43.2,-83.2,48461,IP,61863,831042,2,Financial Planning#Investing,0.07,w,1ab335267bb1f1691652228eddff9ccf32ecd096;43.2;-83.2;Financial Planning#Investing;0.07;Android;app,1
6f155dbeab8cd880be2a5aa5ff61f8f163b372c6,app,1ab335267bb1f1691652228eddff9ccf32ecd096,a46c0edd03a93bbabbfb768be324c851b9d4ed7e,Arts & Entertainment,Above the Fold,0,1445992536,0,0,iOS,9.1,0,Apple,Mobitel,Mobile/Tablet,9c12a592951bd80fe46fa7704356eee88fdc7b9d,a5336941ef4908a7e9ed216728250d5b29bff89b,SVN,41,20,0,IP,71187,872724,2,0,0.1,w,1ab335267bb1f1691652228eddff9ccf32ecd096;41;20;0;0.1;iOS;app,1
79be8c3a2cf41d0bb1fe3f11d1708fbbe75b1a13,app,abacb55691278d33d73e40141159bc0fe4d1f7a1,2a6ebd61bda594b9a63ac36e56fbf739aaafffa3,Technology & Computing,Unknown,0,1445992468,0,0,Android,4.4,Samsung T237P,Samsung,0,Tablet,0,b793a028d910830cf0767ad224efd51727d31e44,USA,34.4,-114.2,34023,User,57139,835106,2,Air Travel#Business Travel,0.02,w,abacb55691278d33d73e40141159bc0fe4d1f7a1;34.4;-114.2;Air Travel#Business Travel;0.02;Android;app,1
125622f8971bb2d5e23ae75a3beaf22e9f0e0680,app,1ab335267bb1f1691652228eddff9ccf32ecd096,9e2f564ea8403f0e8a36366bcc4d29b2b86bd299,Society,Above the Fold,0,1445992431,16,F,Android,5,0,HTC,Globe Telecom PH,Mobile/Tablet,0,7c71e11c3db79377c7b82910a72b29e98d5d180c,PHL,14.5,121,1612,User,69463,867748,2,Television,0.76,w,1ab335267bb1f1691652228eddff9ccf32ecd096;14.5;121;Television;0.76;Android;app,1
d809c9835a306b1af9909a7b9fc241253ac3f15a,app,52be8a8b8f16a455c8e67369cac9f40a8944ba9b,e57f5f8db4d73dcbba65213910aadcda3b49b7ca,Arts & Entertainment#Humor,Above the Fold,0,1445992416,0,0,iOS,9.1,Apple iPad,Apple,0,Mobile/Tablet,0,059b4e39a7b425cd9df8ed2b7039f7fdb5b23299,USA,40.7,-111.9,84123,IP,68751,839348,2,Advertising#Appliances,2.22,w,52be8a8b8f16a455c8e67369cac9f40a8944ba9b;40.7;-111.9;Advertising#Appliances;2.22;iOS;app,1
248a444dcfa6d3afd683723ff8286fc888b4d89e,app,1ab335267bb1f1691652228eddff9ccf32ecd096,b7b9d87c415026c80e344d84c5cb119cb737b3dc,Hobbies & Interests,Footer,0,1445992395,0,0,Android,4.1,Samsung GT-S6310,Samsung,Telkomsel,Phone,0,2cc544c6e6a60dd5216dd7c6b7f8e9383e0a351d,IDN,-6.2,106.8,0,IP,66591,866168,2,Advertising#Comparison,0.02,w,1ab335267bb1f1691652228eddff9ccf32ecd096;-6.2;106.8;Advertising#Comparison;0.02;Android;app,25
9935d80b0f9293e7d95f13477643ce6202de5ddb,site,fd46e691570206d54ce2d212c3a55565489a97e3,9ccb91aa7b904adc508b16596ad44b1b665b2b8d,Sports,Above the Fold,0,1445992377,0,0,Android,4.2,Oppo Neo R831,Oppo,Telkomsel,Phone,0,b30ccc71089fb82b385599afe088a4a1c267caa4,IDN,-5,120,0,User,66591,866166,1,Advertising#Comparison,0.06,w,fd46e691570206d54ce2d212c3a55565489a97e3;-5;120;Advertising#Comparison;0.06;Android;site,1
7c3f87032e0b27cdb48850b805d2eb7dac4d04c0,app,1ab335267bb1f1691652228eddff9ccf32ecd096,08e04d2dd34c0937ada0d4d6476435295f834a0b,Arts & Entertainment#Humor,Above the Fold,0,1445992318,0,0,Android,4.4,Samsung SM-T320,Samsung,0,Tablet,7963147848a40fb45bfeb3d0f0d510f01e718af8,40c7338b386f8e96143672d3abf8900d0210cb2d,USA,41.2,-85.1,46845,User,68771,839358,2,Advertising#Appliances,1.77,w,1ab335267bb1f1691652228eddff9ccf32ecd096;41.2;-85.1;Advertising#Appliances;1.77;Android;app,1
214acb8e65aa0e406c2955a80a182d2ecddedef2,app,1721f22401855b381e4a9e62d5222afa25d008e8,4f247f7994d3410e66aa22fb3c36560066db4933,Arts & Entertainment,Unknown,0,1445992315,0,0,Android,4.4,Motorola XT1031,Motorola,AT&T Mobility,Mobile/Tablet,0,58d1681a598e9f25f2b1086cc39bad0ba302ff3f,USA,44.5,-88,54301,GPS,68771,839358,2,Advertising#Appliances,0.67,w,1721f22401855b381e4a9e62d5222afa25d008e8;44.5;-88;Advertising#Appliances;0.67;Android;app,1
8f76039ac587794c7414e739f39376198a6a4d8b,app,2159af0c8df6cf9525e2a13da48825a4394645ba,6e49c1a813e9554a0dd9f181f04102123b58e4fb,Hobbies & Interests#Board Games/Puzzles,Header,0,1445992305,0,0,Windows,8,0,0,0,Mobile/Tablet,0,c09979cddc02915d8a4cdccd66e3b0671e027906,IDN,-6.2,106.8,0,User,66591,866164,1,Advertising#Comparison,0.05,w,2159af0c8df6cf9525e2a13da48825a4394645ba;-6.2;106.8;Advertising#Comparison;0.05;Windows;app,1
2bfd43aec4324dfa18e31bbf163cbc0fa8ae2f31,app,e96ef2cee6a838bd02d1fc9cb2a7a06cc9ca280f,8fe46d012fed46b1722d47b4d2031db81d7122e3,Sports,Footer,0,1445992305,0,0,iOS,6.1,Apple iPhone,Apple,Telkomsel,Phone,5ac2644c23156ff70f15c744b9f8e2e6fe6d95a6,90341ffff3080d86a62903ca14d11af7fe0f66e4,IDN,-6.2,106.8,0,User,66591,866164,2,Advertising#Comparison,0.02,w,e96ef2cee6a838bd02d1fc9cb2a7a06cc9ca280f;-6.2;106.8;Advertising#Comparison;0.02;iOS;app,1
a05c5e0b94e4fc8f5e698a1d7145f5bded6802f6,site,1fc1830e2285d1335799a74066d3af021961a85f,6bf7f9e385a2cef256507790c89fb851e1f1a753,Arts & Entertainment,Above the Fold,0,1445992304,0,0,Android,4.4,Samsung SM-T211,Samsung,Indosat,Tablet,0,7692a4c79b67bc735c7369aaa865144d6a10a43f,IDN,-6.2,106.8,0,User,69231,867172,2,Buying/Selling Cars#Performance Vehicles,0.87,w,1fc1830e2285d1335799a74066d3af021961a85f;-6.2;106.8;Buying/Selling Cars#Performance Vehicles;0.87;Android;site,1
e1d3ebbf3d55e97873bc4df88a8d88384bd0485d,app,fd46e691570206d54ce2d212c3a55565489a97e3,fefd0beb247725e743bbc60d2d7bd3a318a8eb1e,Sports,Above the Fold,0,1445992303,0,0,Android,5,Samsung T807P,Samsung,Verizon Wireless,Mobile/Tablet,0,7993fd27a37660cb5c2c5e0d7ef923d1e0a5519a,USA,33.8,-118.2,34023,User,57139,835106,2,Air Travel#Business Travel,0.02,w,fd46e691570206d54ce2d212c3a55565489a97e3;33.8;-118.2;Air Travel#Business Travel;0.02;Android;app,1
86b527d36eaca9aba6921849ba63d88212f8a5ca,site,b981747b2590229f01902ecd1fa44987936b1128,4a1a4fa6e1b6207cc901093cbd16cf931a7016f4,Arts & Entertainment,Unknown,0,1445992302,0,0,iOS,8,Apple iPad,Apple,0,Tablet,0,18c133fd6ee2dbcad441a571a6be308e1731b2c1,USA,47.7,-122.3,98115,IP,68751,839348,2,Advertising#Appliances,2.22,w,b981747b2590229f01902ecd1fa44987936b1128;47.7;-122.3;Advertising#Appliances;2.22;iOS;site,1
1ad219da117722ebaa7c06170de687133e8f841a,app,abacb55691278d33d73e40141159bc0fe4d1f7a1,716f57a6ea30792324b0a37d91d56965c67dc9b4,Technology & Computing,Unknown,0,1445992281,0,0,iOS,9.1,Apple iPad,Apple,0,Mobile/Tablet,0,08e000bfe80e5296b82233797e8065a49fc50bac,PHL,14.6,121.1,860,IP,69463,867750,2,Television,0.11,w,abacb55691278d33d73e40141159bc0fe4d1f7a1;14.6;121.1;Television;0.11;iOS;app,1
218ca8c534b1b8124cc7f0ab2df08f6535ded0b3,app,ab400f5f1df15f21e106b946f2b2bb90cfc5e7cd,f09c477ae7626631b8d3faec6dc10a4227d915ca,Arts & Entertainment,Unknown,0,1445992274,0,0,Android,4.4,Motorola XT923,Motorola,0,Phone,0,b83fdaa99f24450ab942ef53640ba64cf7dbbffc,USA,39.9,-75.2,34023,User,57103,835108,2,Air Travel#Business Travel,0.02,w,ab400f5f1df15f21e106b946f2b2bb90cfc5e7cd;39.9;-75.2;Air Travel#Business Travel;0.02;Android;app,1
544510f0c0af1bb5ae1aa34dca5169e4f65f9879,app,9f9e722a5209569959fc30193020ebffa5d0f13e,f3f447abf6aa15def97ddbcc0f8694eb8d8a4839,Arts & Entertainment,Above the Fold,0,1445992259,16,F,Android,4.2,Advan Vandroid S5E,Advan Vandroid,3,Phone,0,904ccb258828fe94760bb5a0cb8e5df6c7ee5169,IDN,-6.2,106.8,0,User,69231,867172,1,Buying/Selling Cars#Performance Vehicles,0.86,w,9f9e722a5209569959fc30193020ebffa5d0f13e;-6.2;106.8;Buying/Selling Cars#Performance Vehicles;0.86;Android;app,1
f4aa00ea85ab3f2383b5c5fe28f48e34b8a6169e,app,7ba4d649042a1a655f3a3ba02267fa1ab66d17e7,660ec2e1724b3b9b7804c0258970ea26a6d7a4de,Arts & Entertainment,Above the Fold,0,1445992241,13,M,Android,4.4,Asus T00F,Asus,Telkomsel,Phone,0,0b3fb9d6242bd9d6aa3a677352b12e7cfd7b86ee,IDN,-5,120,0,User,66591,866168,2,Advertising#Comparison,0.03,w,7ba4d649042a1a655f3a3ba02267fa1ab66d17e7;-5;120;Advertising#Comparison;0.03;Android;app,2
5b57a2838d7e0159b035e3db57d8068f03b12e4c,site,fd46e691570206d54ce2d212c3a55565489a97e3,9ccb91aa7b904adc508b16596ad44b1b665b2b8d,Sports,Above the Fold,0,1445992223,0,0,Android,4.4,Samsung SM-T211,Samsung,0,Tablet,0,ed71e2b420b86732c0016c15bfc3602a4dce7586,IDN,-6.2,106.8,34023,User,69231,867172,2,Buying/Selling Cars#Performance Vehicles,0.9,w,fd46e691570206d54ce2d212c3a55565489a97e3;-6.2;106.8;Buying/Selling Cars#Performance Vehicles;0.9;Android;site,1
13b8ec964e69a5baa990e0659a226418b69f0321,site,dc591f984042e6e8c7aa4be0f7c4c5e70bf7f4c5,8ba5f43fee66a9b82a8130c6712dcce7bd520b78,Arts & Entertainment,Above the Fold,0,1445992213,0,0,Android,4.2,0,0,Telkomsel,Phone,0,5e6c24d263506b11d9be638a7f91522c0dfe4ade,IDN,-6.6,106.8,0,IP,66591,866166,2,Advertising#Comparison,0.05,w,dc591f984042e6e8c7aa4be0f7c4c5e70bf7f4c5;-6.6;106.8;Advertising#Comparison;0.05;Android;site,1
f20f735e3392bbd93bb7ca51304a2bef596febed,app,77b4f6dbb5fcec348386a467bc72793f5b457851,85d0d8cb55b4b153b28ddfe5a121c0e5188eff07,Hobbies & Interests,Unknown,0,1445992195,0,0,Android,4,LG MS770,LG,0,Phone,0,f6f68a676c80ac03a2cbc6a0637d1f68d8b33dda,USA,47.6,-116.9,34023,User,57103,835108,2,Air Travel#Business Travel,0.02,w,77b4f6dbb5fcec348386a467bc72793f5b457851;47.6;-116.9;Air Travel#Business Travel;0.02;Android;app,1
062c9e4ae13424d50570ebd9fb569c26ac5c447d,app,9f9e722a5209569959fc30193020ebffa5d0f13e,f3f447abf6aa15def97ddbcc0f8694eb8d8a4839,Arts & Entertainment,Above the Fold,0,1445992178,28,M,iOS,8.3,Apple iPhone 5S,Apple,Indosat,Mobile/Tablet,c9e187fe68896897cfb9cddfb9033bdccbeb6835,fee65949c5d784675e80295fe5f42926aeabe953,IDN,-6.2,106.8,0,User,69231,867170,2,Buying/Selling Cars#Performance Vehicles,0.87,w,9f9e722a5209569959fc30193020ebffa5d0f13e;-6.2;106.8;Buying/Selling Cars#Performance Vehicles;0.87;iOS;app,1
70d80f9c37f3ba60c6ef16816718461dc90a88ae,app,9f9e722a5209569959fc30193020ebffa5d0f13e,25dfab977c44e218ebd0f948d114a9ba5116f470,Arts & Entertainment,Unknown,0,1445992146,35,M,iOS,8.3,Apple iPhone,Apple,Telkomsel,Mobile/Tablet,0,d14c6ecf64109f913715c6481f5774b82d34ac65,IDN,-5,120,0,User,66591,866166,2,Advertising#Comparison,0.1,w,9f9e722a5209569959fc30193020ebffa5d0f13e;-5;120;Advertising#Comparison;0.1;iOS;app,1
df257829c2e23671062d4bc1ca391b634d8d354a,app,1ab335267bb1f1691652228eddff9ccf32ecd096,c7f3553ced216a983e60b8206389fc34cce69e49,Hobbies & Interests#Style & Fashion,Footer,0,1445992114,0,0,Android,2.2,Mozilla Firefox for Android Tablet,Mozilla,0,Tablet,0,90cb54364cff11300894116dc73f6998cc8bc1bb,PHL,13.8,121,4201,IP,69463,867750,2,Television,0.01,w,1ab335267bb1f1691652228eddff9ccf32ecd096;13.8;121;Television;0.01;Android;app,1
799693ce6f3b2c0f8f5bad5934730a80bc127a7d,site,1fc1830e2285d1335799a74066d3af021961a85f,6bf7f9e385a2cef256507790c89fb851e1f1a753,Arts & Entertainment,Above the Fold,0,1445992112,0,0,Windows,8,0,0,Excelcomindo,Phone,0,5a15c0dd35cf8884e5874a93934dc9bd0bba5ab8,IDN,-6.1,106.8,11430,User,66591,866168,2,Advertising#Comparison,0.06,w,1fc1830e2285d1335799a74066d3af021961a85f;-6.1;106.8;Advertising#Comparison;0.06;Windows;site,1
0fa96846717139a20af50a605cc36a1cdd4f5d83,app,1ab335267bb1f1691652228eddff9ccf32ecd096,9e2f564ea8403f0e8a36366bcc4d29b2b86bd299,Society,Above the Fold,0,1445992097,28,M,Android,6,Google Nexus 6,Google,0,Mobile/Tablet,0,9a6d091bc6fa1453dc1f3ecb8cd284ed6cfcac32,SGP,1.4,103.8,0,User,69471,867784,2,Television,0.02,w,1ab335267bb1f1691652228eddff9ccf32ecd096;1.4;103.8;Television;0.02;Android;app,2
1f89f7325e29eb33924f215b0e727cfa852e659c,app,abacb55691278d33d73e40141159bc0fe4d1f7a1,716f57a6ea30792324b0a37d91d56965c67dc9b4,Technology & Computing,Unknown,0,1445992063,0,0,Android,4.4,0,Vivo,Excelcomindo,Mobile/Tablet,0,93748365ce3a209770c2d974da167711e6fdd71d,IDN,-7.7,110.6,0,User,66591,866166,1,Advertising#Comparison,0.06,w,abacb55691278d33d73e40141159bc0fe4d1f7a1;-7.7;110.6;Advertising#Comparison;0.06;Android;app,1
b7214032891bbb61cdb2af143e62637da5753bf6,app,699fd22f414575e5b3d9963e7e45e27dc8b6be1d,1ddb3a8768130713e7ed28a4a1fcc7f95b3c1051,Hobbies & Interests,Footer,0,1445992048,0,0,Android,4.2,Google Nexus 5,Google,Telkomsel,Mobile/Tablet,0,fddbbe7e17f321beb1b933dab5474207ef3e53ab,IDN,-5,120,0,User,66591,866168,2,Advertising#Comparison,0.01,w,699fd22f414575e5b3d9963e7e45e27dc8b6be1d;-5;120;Advertising#Comparison;0.01;Android;app,1
1a0640d30b6da4e6932875a6358ca496dc509433,app,9f9e722a5209569959fc30193020ebffa5d0f13e,f3f447abf6aa15def97ddbcc0f8694eb8d8a4839,Arts & Entertainment,Above the Fold,0,1445992047,29,M,Windows,8,Nokia Lumia 520,Nokia,0,Mobile/Tablet,0,743720def4f808d1e7c6d2a9fd1fd3088fcb83fa,DEU,53.6,10,22337,IP,70783,871918,1,Advertising,0.04,w,9f9e722a5209569959fc30193020ebffa5d0f13e;53.6;10;Advertising;0.04;Windows;app,1
1c2170742f9f3e34c53234af3cb6c253b0b8d7b7,app,1ab335267bb1f1691652228eddff9ccf32ecd096,c7f3553ced216a983e60b8206389fc34cce69e49,Hobbies & Interests#Style & Fashion,Footer,0,1445992045,0,0,iOS,7,Apple iPhone,Apple,Indosat,Phone,0,2cd5e1444aa259f37abe3e8b43041142b46cf5d5,IDN,-6.2,106.8,0,User,66591,866164,1,Advertising#Comparison,0.12,w,1ab335267bb1f1691652228eddff9ccf32ecd096;-6.2;106.8;Advertising#Comparison;0.12;iOS;app,1
4b6aeff4e84068fa6a5510dab3efa0a9611e2781,app,036d34d53fa8f20c33a55eb0eeb727799ad8f7e7,30576633719d38989a04618fdbd8594aa2521321,Music#Technology & Computing,Unknown,0,1445992024,0,0,Android,4.1,Samsung GT-S6312,Samsung,Telkomsel,Mobile/Tablet,0,ce3b8cabf34ce18775a719c2d5fb2c339db65669,IDN,-5,120,0,User,66591,866164,2,Advertising#Comparison,0.13,w,036d34d53fa8f20c33a55eb0eeb727799ad8f7e7;-5;120;Advertising#Comparison;0.13;Android;app,1
39c0a683cdb04751e7740871bb7aaaa7ef97974f,app,1ab335267bb1f1691652228eddff9ccf32ecd096,9e2f564ea8403f0e8a36366bcc4d29b2b86bd299,Society,Above the Fold,0,1445991975,39,M,Android,4.4,0,Smartfren,Telkomsel,Phone,0,4b78dda8344e6309e709599f7e02a8482fe94c0c,IDN,-7.2,112.8,0,User,66591,866166,1,Advertising#Comparison,0.06,w,1ab335267bb1f1691652228eddff9ccf32ecd096;-7.2;112.8;Advertising#Comparison;0.06;Android;app,1
60dbb83c0bb580e24a465521aaf475b10a2caf48,site,bfa911b6817a136755ba56d7cb3b45b8f8ce267f,703f6a51d9e1d1ba933ad56ed6ed4faba4d7710c,Arts & Entertainment#Books & Literature,Above the Fold,0,1445991964,0,0,Android,5,HTC M8,HTC,0,Mobile/Tablet,0,f3cf897bf37d6db3c6346865a0da1993af7bfcc7,SGP,1.3,103.9,0,IP,69471,867778,2,Television,0.01,w,bfa911b6817a136755ba56d7cb3b45b8f8ce267f;1.3;103.9;Television;0.01;Android;site,1
d2b5da4d688c8d215d21019480f253d4a35ee05e,app,27e51a2409d21deec00f34b4d241061d27649205,795d29cda692175b604a55a81d90508ddc742cbb,Arts & Entertainment,Unknown,0,1445991948,28,F,iOS,9,Apple iPhone 4S,Apple,Excelcomindo,Mobile/Tablet,a1e7c8871b8f6031009a66d83190adeac359e672,e2420134b08ef78c3671b9bd77e80bc98a33b29f,IDN,-3,104.8,30128,User,66591,866166,1,Advertising#Comparison,0.19,w,27e51a2409d21deec00f34b4d241061d27649205;-3;104.8;Advertising#Comparison;0.19;iOS;app,1
764f81379d90231ca44a1c7b4cbc487c0e1b3713,app,eb994ca7a1c0811309d9f13cda863090c68868c7,52ee89e611b9298405230e67f7d77a6442ae918a,Arts & Entertainment,Unknown,0,1445991945,0,0,Android,4.2,0,0,0,Mobile/Tablet,0,e4073fae70bd7f10a5be5e4debe93128f3373549,PHL,14.6,121,0,IP,69463,867756,2,Television,0.01,w,eb994ca7a1c0811309d9f13cda863090c68868c7;14.6;121;Television;0.01;Android;app,1
721a0e6dfc5b35eedb0cc83c690b8b52902f6a94,app,d35dbb33e40db46f50b4bbaa80120d5b7825ece0,eeffeae8cd37a381987b7b0849ce49cfa510b84a,Arts & Entertainment,Above the Fold,0,1445991921,0,0,Android,4.2,0,ALCATEL,0,Mobile/Tablet,0,d60e8ddf94dc88bf9badfc0d126aac2f1ceb0070,PHL,14.6,121.1,860,IP,69463,867754,2,Television,0.34,w,d35dbb33e40db46f50b4bbaa80120d5b7825ece0;14.6;121.1;Television;0.34;Android;app,1
4bcab0f86c3ce79edb9cd51319236fcf2d8ec8e9,app,52be8a8b8f16a455c8e67369cac9f40a8944ba9b,e57f5f8db4d73dcbba65213910aadcda3b49b7ca,Arts & Entertainment#Humor,Above the Fold,0,1445991916,0,0,Android,4.2,Samsung SM-G900A,Samsung,Indosat,Phone,0,272c50e27731a7aaf6d3bb352212b7c3e48215dc,IDN,-6.2,106.8,0,User,69231,867172,1,Buying/Selling Cars#Performance Vehicles,0.86,w,52be8a8b8f16a455c8e67369cac9f40a8944ba9b;-6.2;106.8;Buying/Selling Cars#Performance Vehicles;0.86;Android;app,1
12e74b368b61039b05ac5eb7ffda911040bd6af8,app,1ab335267bb1f1691652228eddff9ccf32ecd096,c7f3553ced216a983e60b8206389fc34cce69e49,Hobbies & Interests#Style & Fashion,Footer,0,1445991906,0,0,Android,4.4,0,Asus,0,Mobile/Tablet,0,d825c87512d3d8139b94d5129458ecca75e64769,SGP,1.3,103.9,0,IP,69471,867784,2,Television,0.06,w,1ab335267bb1f1691652228eddff9ccf32ecd096;1.3;103.9;Television;0.06;Android;app,1
a614c27ec94b75f45aac2e7da091dc0ccb029a55,app,1ab335267bb1f1691652228eddff9ccf32ecd096,344c28a21a3d6fc4c391c9b534522b897c039814,Society,Above the Fold,0,1445991875,0,0,Android,5.1,0,Oppo,3,Mobile/Tablet,0,ed9efb372ac4aa53023bf068ca070d501b4e30a8,IDN,-1.3,116.8,0,User,66591,866166,1,Advertising#Comparison,0.06,w,1ab335267bb1f1691652228eddff9ccf32ecd096;-1.3;116.8;Advertising#Comparison;0.06;Android;app,1
38720ef9ec692e620f5b59f606c7fce39196655c,app,0ff3f755e4923a6dcdf9be44a04f88db37fc2d8a,6c46a7b0f836d099d9ebb478dae66f21b4ec02ec,Arts & Entertainment,Unknown,0,1445991870,0,0,Android,4.2,Lenovo A369i,Lenovo,Telkomsel,Phone,0,d47adc7a842e0c3098d2552a2f9421e2a6a627a6,IDN,-7.8,110.4,0,IP,66591,866166,1,Advertising#Comparison,0.06,w,0ff3f755e4923a6dcdf9be44a04f88db37fc2d8a;-7.8;110.4;Advertising#Comparison;0.06;Android;app,1
ca7e76299564d21bc12899b42fb0e421deca37e3,app,699fd22f414575e5b3d9963e7e45e27dc8b6be1d,a0359fa86cf35556bd5772747615b6d1a3e1701c,Hobbies & Interests,Footer,0,1445991869,0,0,Android,4,Barnes and Noble BNTV600,Barnes and Noble,0,Tablet,0,030adf90b4079d4ec9cdf89597c9fe2c88c9e10b,USA,38,-97,34023,User,57139,835106,2,Air Travel#Business Travel,0.02,w,699fd22f414575e5b3d9963e7e45e27dc8b6be1d;38;-97;Air Travel#Business Travel;0.02;Android;app,2
f8d933b5045229b50d08dd6f60ec438d4850b3d6,app,abacb55691278d33d73e40141159bc0fe4d1f7a1,2a6ebd61bda594b9a63ac36e56fbf739aaafffa3,Technology & Computing,Unknown,0,1445991865,0,0,Android,4.1,Samsung GT-S7262,Samsung,0,Mobile/Tablet,0,86ee6baef3a08dbcb34b92ade26adf08bdc4940e,IDN,-6.9,107.6,0,GPS,69231,867170,2,Buying/Selling Cars#Performance Vehicles,0.87,w,abacb55691278d33d73e40141159bc0fe4d1f7a1;-6.9;107.6;Buying/Selling Cars#Performance Vehicles;0.87;Android;app,1
c694ddf5a04257071861bee29f28dc98ce9fad06,site,c2b8ed201bdf8a825e6d8d6710c80b6f000ddebe,b889856f1564c3f9c5c89aa957f1f47678661e59,Science#Weather,Unknown,0,1445991855,0,0,Android,4.2,Lenovo B6000-F,Lenovo,Telstra,Tablet,0,86d79351424750b7f014df3600bcff06899cd203,AUS,-31.9,115.9,6052,User,68979,866620,2,Cell Phones,0.19,w,c2b8ed201bdf8a825e6d8d6710c80b6f000ddebe;-31.9;115.9;Cell Phones;0.19;Android;site,1
70db1bd77ef5dd1dec08a5fa43fe10b4b334f10d,app,52be8a8b8f16a455c8e67369cac9f40a8944ba9b,f778e72d002bcacac4e40bf0a9aa55898a1c976e,Arts & Entertainment#Humor,Above the Fold,0,1445991837,0,0,Android,4.4,Samsung GT-I9505,Samsung,0,Phone,0,8f49062cee5efd05c627982fac5af07110264b42,SGP,1.3,103.9,0,User,69471,867784,2,Television,0.01,w,52be8a8b8f16a455c8e67369cac9f40a8944ba9b;1.3;103.9;Television;0.01;Android;app,1
504c96632b74ee4581cb39d423bebaefdeb01f59,app,471a4d843619a61378c367ae4422c4c459c7f95f,028dacc657980b7b6e679ba09e0c3f66346002b4,Arts & Entertainment,Unknown,0,1445991830,0,0,Android,4.4,0,Samsung,Telkomsel,Phone,0,c7692979caf1743817b6d24dfd09da2b79f78df2,IDN,-6.2,106.8,11480,User,71007,872482,2,Comparison#Couponing,0.3,w,471a4d843619a61378c367ae4422c4c459c7f95f;-6.2;106.8;Comparison#Couponing;0.3;Android;app,1
220e0bbc228feb5f26fa58823d3d65526e43190a,site,1ab335267bb1f1691652228eddff9ccf32ecd096,eb7dc0560ced55c07c05dad5ed04ec352f9ec832,Arts & Entertainment,Header,0,1445991805,0,0,Android,4.1,Samsung GT-S7262,Samsung,Telkomsel,Phone,0,94b0b769c1c735d11a79294a6cec0efa96d026ee,IDN,-5,120,0,User,66591,866166,1,Advertising#Comparison,0.06,w,1ab335267bb1f1691652228eddff9ccf32ecd096;-5;120;Advertising#Comparison;0.06;Android;site,1
a5ad50dd1356cffdddad2d31726f60c1110e1eec,site,b981747b2590229f01902ecd1fa44987936b1128,879fbbd88476d2e8d34f14e11c5276c87e718fc7,Arts & Entertainment,Unknown,0,1445991781,0,0,Android,4.4,0,Lenovo,Telkomsel,Phone,0,3b307013409ef43c9fcacd5166ddc72789b2d1ed,IDN,-6.2,106.8,0,User,66591,866164,2,Advertising#Comparison,0.02,w,b981747b2590229f01902ecd1fa44987936b1128;-6.2;106.8;Advertising#Comparison;0.02;Android;site,3
110dcf729d4baaa7e3278f002117a74d96dca062,site,b5cec46354cb42ef053ffccaaf44f872b195025c,1f87116acbd567db5b6a794662035a3f8b92f8fb,Arts & Entertainment,Unknown,0,1445991778,0,0,Android,4.1,Samsung GT-I8190,Samsung,Excelcomindo,Phone,0,ea62d40dab473f8634c7807a4f6f2cd541e08db3,IDN,-6.2,106.8,0,IP,66591,866166,1,Advertising#Comparison,0.06,w,b5cec46354cb42ef053ffccaaf44f872b195025c;-6.2;106.8;Advertising#Comparison;0.06;Android;site,1
cc83d87ca38e44e7ca2ef43df059057b974cf9ca,app,7ba4d649042a1a655f3a3ba02267fa1ab66d17e7,a9fe9aff8929976f110b27a8aef236516adaa6d6,Arts & Entertainment,Above the Fold,0,1445991760,19,F,Android,4.2,Washion A7S,Washion,Indosat,Tablet,0,bf70276542a2461f7443d7efc99206c685f076b4,IDN,-6.2,106.8,0,User,69467,867758,2,Television,0.18,w,7ba4d649042a1a655f3a3ba02267fa1ab66d17e7;-6.2;106.8;Television;0.18;Android;app,1
e6d313835a41a36beb09351e878e93c314fd91eb,app,9f9e722a5209569959fc30193020ebffa5d0f13e,f3f447abf6aa15def97ddbcc0f8694eb8d8a4839,Arts & Entertainment,Above the Fold,0,1445991698,14,F,iOS,9.1,Apple iPad,Apple,0,Mobile/Tablet,b7867860dc63cbdb627f03410c2093ebf417ec71,ac1431f0810a8ea6758057e2a297b5f70dbc9e3a,USA,38.7,-77.5,20110,IP,54351,389378,1,Hotels#Advertising,0.81,w,9f9e722a5209569959fc30193020ebffa5d0f13e;38.7;-77.5;Hotels#Advertising;0.81;iOS;app,1
ad3fe62ae2b00503c4865f02cf73655f9f87f361,app,699fd22f414575e5b3d9963e7e45e27dc8b6be1d,1ddb3a8768130713e7ed28a4a1fcc7f95b3c1051,Hobbies & Interests,Footer,0,1445991675,0,0,iOS,8.2,Apple iPhone,Apple,3,Phone,5d9818d94d067a014eed186fe468f846d0934b4b,8a106497d2e2ac0d24787cb01e4225d33005fdd1,IDN,3.6,98.7,0,User,66591,866168,2,Advertising#Comparison,0.02,w,699fd22f414575e5b3d9963e7e45e27dc8b6be1d;3.6;98.7;Advertising#Comparison;0.02;iOS;app,1
dae7e976cbd7c85a7536c7e8808fa8aa6eba987e,app,ab400f5f1df15f21e106b946f2b2bb90cfc5e7cd,f09c477ae7626631b8d3faec6dc10a4227d915ca,Arts & Entertainment,Unknown,0,1445991665,0,0,Android,4,Samsung GT-S7562,Samsung,3,Phone,0,f4ca904b651eb6b8be75d14eedfab828b0263f95,IDN,-6.2,106.8,0,User,66591,866166,1,Advertising#Comparison,0.06,w,ab400f5f1df15f21e106b946f2b2bb90cfc5e7cd;-6.2;106.8;Advertising#Comparison;0.06;Android;app,1
3f5cb3bee820285b1e356a3d321b8486bfa8fa46,app,e96ef2cee6a838bd02d1fc9cb2a7a06cc9ca280f,8fe46d012fed46b1722d47b4d2031db81d7122e3,Sports,Footer,0,1445991657,0,0,Android,5.1,Samsung SM-G900T,Samsung,T-Mobile,Mobile/Tablet,0,56dc36e732e91cbbfced3e1de2ab4089479d8dd0,USA,40.7,-73.9,0,User,66599,832120,2,Buying/Selling Cars#Performance Vehicles,0.11,w,e96ef2cee6a838bd02d1fc9cb2a7a06cc9ca280f;40.7;-73.9;Buying/Selling Cars#Performance Vehicles;0.11;Android;app,1
fc8976bf5a83157d1f67a111a47f2a38a7182b3b,app,1ab335267bb1f1691652228eddff9ccf32ecd096,d8e8a188f1f6af78d7c69428376305f1298eee2b,Technology & Computing,Above the Fold,0,1445991647,0,0,Android,4.2,Oppo R1001,Oppo,Telkomsel,Mobile/Tablet,0,fc48a402fa5030a99ec161e328f1b98bd0d4becb,IDN,-7.2,112.8,0,IP,66591,866164,1,Advertising#Comparison,0.05,w,1ab335267bb1f1691652228eddff9ccf32ecd096;-7.2;112.8;Advertising#Comparison;0.05;Android;app,2
b46d9c385b6163a99666c2d5b476654f353ec1b6,site,1ab335267bb1f1691652228eddff9ccf32ecd096,eff528c2387d5253fc72162f30d42e8facf4a41a,Arts & Entertainment,Above the Fold,0,1445991607,0,0,Android,2,0,0,MobileOne SG,Mobile/Tablet,0,8c12befc878114ad1229862c61001448cff33828,SGP,1.3,103.9,0,User,69471,867778,2,Television,0.02,w,1ab335267bb1f1691652228eddff9ccf32ecd096;1.3;103.9;Television;0.02;Android;site,1
3d0be3192720fcf86d3fd81beab8a6c64543dee5,app,1ab335267bb1f1691652228eddff9ccf32ecd096,9e2f564ea8403f0e8a36366bcc4d29b2b86bd299,Society,Above the Fold,0,1445991582,23,M,Android,4.4,0,Samsung,Excelcomindo,Phone,0,fe260abe728792dac855f11062774c190861366b,IDN,-5,120,0,User,66591,866166,1,Advertising#Comparison,0.06,w,1ab335267bb1f1691652228eddff9ccf32ecd096;-5;120;Advertising#Comparison;0.06;Android;app,4
0a6dab07a86349a89bbcbecdacc73e19c5b993ee,app,1b77c693ab8a0e227c2708bf02e775744447353d,41da04558f2613ad00476cad314ca93f027d4fe5,Arts & Entertainment,Unknown,0,1445991562,0,0,Android,4.4,0,Samsung,3,Phone,0,bdd974f9376d07daa2621724bb5e27149083508b,IDN,-7.7,110.6,0,User,66591,866166,1,Advertising#Comparison,0.06,w,1b77c693ab8a0e227c2708bf02e775744447353d;-7.7;110.6;Advertising#Comparison;0.06;Android;app,1
b5595fa381131be7452459349ab7a51adfa55c09,app,9f9e722a5209569959fc30193020ebffa5d0f13e,f3f447abf6aa15def97ddbcc0f8694eb8d8a4839,Arts & Entertainment,Above the Fold,0,1445991491,18,F,Android,4.4,0,Advan,3,Phone,0,e40a6a43b2faea88776f586643e6464eb7ea8af6,IDN,-7.7,110.6,0,User,66591,866166,1,Advertising#Comparison,0.06,w,9f9e722a5209569959fc30193020ebffa5d0f13e;-7.7;110.6;Advertising#Comparison;0.06;Android;app,1
760c7b939b9ede3e5bd7e2ee5415fe93f0b060d9,app,fd46e691570206d54ce2d212c3a55565489a97e3,802104e743aeaa813e5b146a4bec6665ffaffe54,Arts & Entertainment,Above the Fold,0,1445991489,0,0,Android,4.1,0,Samsung,0,Tablet,0,e215186713b7fb2c8fd3b027ff9cfff2c5bc4b63,USA,32.2,-110.8,85748,User,57139,835106,2,Air Travel#Business Travel,0.02,w,fd46e691570206d54ce2d212c3a55565489a97e3;32.2;-110.8;Air Travel#Business Travel;0.02;Android;app,1
13153222f2dd96eabab8d1883011d338b3106d0e,app,699fd22f414575e5b3d9963e7e45e27dc8b6be1d,a0359fa86cf35556bd5772747615b6d1a3e1701c,Hobbies & Interests,Footer,0,1445991427,0,0,iOS,9,Apple iPhone,Apple,AT&T Mobility,Mobile/Tablet,6a89ed2d6b2e317f4fc7ac9f4af0c33b5bb32967,68b90776866df63b5081cc6a491e0d0c95c0b494,USA,37.8,-122.4,0,GPS,54667,869106,2,Couponing#Celebrity Fan/Gossip,0.53,w,699fd22f414575e5b3d9963e7e45e27dc8b6be1d;37.8;-122.4;Couponing#Celebrity Fan/Gossip;0.53;iOS;app,1
810158a524d72ebc53818184dd0a9662250daeb2,site,853438c5e95c932915ae696a8b8b0254a9595fc4,77c6f027419171e09d9691d6cf3f4a502c18e577,News,Above the Fold,0,1445991416,0,0,Android,5.1,Sony D5833,Sony,0,Mobile/Tablet,0,a67ef2a2a077fcf85fd6bc01c061c8fb41f8d4ea,SGP,1.4,103.8,0,User,69471,867776,2,Television,0.02,w,853438c5e95c932915ae696a8b8b0254a9595fc4;1.4;103.8;Television;0.02;Android;site,1
216aeffd9c0e995c4fcfedd34d47b840f5cc98dd,site,b5cec46354cb42ef053ffccaaf44f872b195025c,0c67f192535d39846a390c304cfd5bf06ecb048f,Arts & Entertainment,Unknown,0,1445991407,0,0,Android,4.4,0,0,0,Mobile/Tablet,0,4b733a8411696a90dd3d9cd354a12ad5cbe9e6a7,PHL,14.6,121,0,IP,69463,867750,2,Television,0.01,w,b5cec46354cb42ef053ffccaaf44f872b195025c;14.6;121;Television;0.01;Android;site,1
a611de15bcc62bc8cbdba2df2d349ffcf46a816c,site,dc591f984042e6e8c7aa4be0f7c4c5e70bf7f4c5,1d3d1638883dc9f5131da2f6f2567b76d194f64d,Arts & Entertainment,FullScreen,0,1445991402,0,0,iOS,9.1,Apple iPad,Apple,0,Mobile/Tablet,bb24e8b9738b66464749d9b4436317f667e46b70,23b9d7b9c87f22fe7da56a23fcf1b0e1b28a183a,USA,44.8,-93.6,55318,User,54351,389378,1,Hotels#Advertising,0.81,w,dc591f984042e6e8c7aa4be0f7c4c5e70bf7f4c5;44.8;-93.6;Hotels#Advertising;0.81;iOS;site,1
6f7b24e45113e0d3fe8aff4ace6226d7a8468b33,app,1ab335267bb1f1691652228eddff9ccf32ecd096,9937c72538e99b0a09dafc6a5d6eb5dbfbb21c8b,Hobbies & Interests#Style & Fashion,Footer,0,1445991378,0,0,Android,4.1,Nokia X,Nokia,Telkomsel,Mobile/Tablet,0,56dbffe780c9bc7d03355b9d08ee40ca138d8772,IDN,-5,120,0,User,68671,839048,2,Home Theater#Appliances,0.02,w,1ab335267bb1f1691652228eddff9ccf32ecd096;-5;120;Home Theater#Appliances;0.02;Android;app,1
e23b3a68f34f1ac22364b5cbb5aa22b3d41ce43a,site,c2b8ed201bdf8a825e6d8d6710c80b6f000ddebe,17121479d5159feb638dab9aacc1ff085bce7e77,Arts & Entertainment,Unknown,0,1445991341,0,0,iOS,8.4,Apple iPhone 5S,Apple,Mobitel,Mobile/Tablet,fbaf78a899a186b023bcc31c11142d70d3871977,99e220554ebacbe72e825112770b58b5cd987281,SVN,41,20,0,IP,71175,872710,2,0,0.1,w,c2b8ed201bdf8a825e6d8d6710c80b6f000ddebe;41;20;0;0.1;iOS;site,1
ea270c6861eb803e00fa141a7f2b0db3ed33dac7,site,1ab335267bb1f1691652228eddff9ccf32ecd096,19695e7f9ced0bd6ba74de745e03fd811565b80b,Science#Weather,Above the Fold,0,1445991330,0,0,iOS,8.3,Apple iPhone,Apple,0,Mobile/Tablet,65ba699fdc11244726c78eb2242d4a13f79ee276,03fd04c936966ba24ddc7ae71889567579c4dad7,SVN,45.6,13.7,6000,IP,71175,872712,2,0,0.1,w,1ab335267bb1f1691652228eddff9ccf32ecd096;45.6;13.7;0;0.1;iOS;site,1
0e7b0dbe244537bfdc2740292314a0458f5685c1,app,699fd22f414575e5b3d9963e7e45e27dc8b6be1d,1ddb3a8768130713e7ed28a4a1fcc7f95b3c1051,Hobbies & Interests,Footer,0,1445991327,0,0,iOS,9.1,Apple iPad,Apple,0,Mobile/Tablet,0,d60cfc804a68a481d5c14b8315ded64a65d72d7f,PHL,14.6,121,1006,IP,69463,867750,2,Television,0.04,w,699fd22f414575e5b3d9963e7e45e27dc8b6be1d;14.6;121;Television;0.04;iOS;app,1
6447361ee9db02863a737c11f03c3b42098d7ee1,app,1b77c693ab8a0e227c2708bf02e775744447353d,cca24e26293dacf1792636e10af4a1ea00efec57,Arts & Entertainment,Unknown,0,1445991301,0,0,iOS,9.1,Apple iPhone 4S,Apple,Mobitel,Mobile/Tablet,47ba5e6eba244411eaddc7c6db4ae64a7e2fe1ca,3676eb9598301c97e26af7564075f10e9ee07c1c,SVN,41,20,0,IP,71175,872710,2,0,0.1,w,1b77c693ab8a0e227c2708bf02e775744447353d;41;20;0;0.1;iOS;app,1
17e6fa70111959f77c0c4ed6166f2ee196049f3a,app,1ab335267bb1f1691652228eddff9ccf32ecd096,fba8759137fdf4647352b4a5d29401e4850cd950,Hobbies & Interests#Style & Fashion,Footer,0,1445991293,0,0,Android,4.2,Oppo R821,Oppo,0,Mobile/Tablet,0,7b5f5068700ac95a0bff1d1761aa7c63b59f9acc,IDN,-6.2,106.8,0,GPS,69231,867172,2,Buying/Selling Cars#Performance Vehicles,0.77,w,1ab335267bb1f1691652228eddff9ccf32ecd096;-6.2;106.8;Buying/Selling Cars#Performance Vehicles;0.77;Android;app,1
19a9a81c7812890ab17dfbb693223d79fc976db8,app,9f9e722a5209569959fc30193020ebffa5d0f13e,f3f447abf6aa15def97ddbcc0f8694eb8d8a4839,Arts & Entertainment,Above the Fold,0,1445991287,24,M,iOS,9.1,Apple iPhone,Apple,0,Mobile/Tablet,0,679fe548ad046cbc222f7192e6c9be2b8e4f3151,PHL,14.4,121.1,4023,IP,69463,867750,2,Television,0.04,w,9f9e722a5209569959fc30193020ebffa5d0f13e;14.4;121.1;Television;0.04;iOS;app,1
bdfe2c054faaddc07a4d6b8ec41cc8b4442a8fd9,app,1976a25812ab5e22a8ef16e2570d7ac32dae492a,9a8e7305f2ca83c1880d467bd53c8428293df81a,Arts & Entertainment,Unknown,0,1445991254,0,0,Android,4.3,Samsung GT-I9300,Samsung,0,Phone,0,b7be15af34f42f1b48755c712e5be403bb1d2863,USA,41.1,-73.4,6850,IP,66599,832120,2,Buying/Selling Cars#Performance Vehicles,0.11,w,1976a25812ab5e22a8ef16e2570d7ac32dae492a;41.1;-73.4;Buying/Selling Cars#Performance Vehicles;0.11;Android;app,1
9d2022bf8ed11d370d0b18d8562684b6755e3bee,app,1ab335267bb1f1691652228eddff9ccf32ecd096,9e2f564ea8403f0e8a36366bcc4d29b2b86bd299,Society,Above the Fold,0,1445991251,22,M,Android,4.4,Samsung SPH-L710,Samsung,0,Phone,0,2f92b2d17a82ab9e7d7dad6b56e1c73964228169,IDN,-6.2,106.8,34023,User,66591,866164,2,Advertising#Comparison,0.27,w,1ab335267bb1f1691652228eddff9ccf32ecd096;-6.2;106.8;Advertising#Comparison;0.27;Android;app,1
6f446d41e97822157e889d2dec5b0df2a82f9478,app,699fd22f414575e5b3d9963e7e45e27dc8b6be1d,1ddb3a8768130713e7ed28a4a1fcc7f95b3c1051,Hobbies & Interests,Footer,0,1445991210,0,0,Android,4.4,Samsung SM-G530H,Samsung,Telkomsel,Phone,0,f76ad117c23ec7ae544b0d791fcc1cfe1e8a9a6a,IDN,-5.1,105.4,30120,User,66591,866166,1,Advertising#Comparison,0.06,w,699fd22f414575e5b3d9963e7e45e27dc8b6be1d;-5.1;105.4;Advertising#Comparison;0.06;Android;app,1
597eadd2ab8bbbc892ba2a1a6a8c795aa18c27b6,app,ab400f5f1df15f21e106b946f2b2bb90cfc5e7cd,f09c477ae7626631b8d3faec6dc10a4227d915ca,Arts & Entertainment,Unknown,0,1445991208,0,0,iOS,9,Apple iPhone 4S,Apple,Telkomsel,Mobile/Tablet,00ae128d493dc4d75d2f8ec5fa11b82e07e32521,90cf0f59bfbb69b533b3a45ea15df41d8cb99fea,IDN,-6.2,106.6,15345,User,66591,866166,1,Advertising#Comparison,0.19,w,ab400f5f1df15f21e106b946f2b2bb90cfc5e7cd;-6.2;106.6;Advertising#Comparison;0.19;iOS;app,1
8de65f80ef56dc4620ffe7f0b3b8cc1feaebf75c,app,4bdd19914bcf121b56e47ab9c7d9046167cfb78b,6f84abd9b50c949d9b0e48afd0ce0f792e0b44c2,Arts & Entertainment,Above the Fold,0,1445991186,0,0,iOS,8.3,Apple iPhone,Apple,Telkomsel,Mobile/Tablet,0,6112d1689c1c6b8abfe5b3e780ca97cdd9393619,IDN,-5,120,0,User,66591,866168,1,Advertising#Comparison,0.05,w,4bdd19914bcf121b56e47ab9c7d9046167cfb78b;-5;120;Advertising#Comparison;0.05;iOS;app,1
a31a061acf78bbecfffb9058765b9d12f66f3635,app,1ab335267bb1f1691652228eddff9ccf32ecd096,c7f3553ced216a983e60b8206389fc34cce69e49,Hobbies & Interests#Style & Fashion,Footer,0,1445991171,0,0,Android,4.2,Oppo R1001,Oppo,3,Phone,0,314ce46fea0b380f80b9f4c7274bf76a76c5fd05,IDN,0,109.3,0,User,66591,866164,2,Advertising#Comparison,0.02,w,1ab335267bb1f1691652228eddff9ccf32ecd096;0;109.3;Advertising#Comparison;0.02;Android;app,1
8a48fedb7923ac7a1fd75ef9ee435ab8801ee14a,site,c2b8ed201bdf8a825e6d8d6710c80b6f000ddebe,b889856f1564c3f9c5c89aa957f1f47678661e59,Science#Weather,Unknown,0,1445991167,0,0,Android,5,0,Samsung,0,Mobile/Tablet,0,4657e53485d7c58236732662d2a464a60822616f,USA,26.6,-81.9,33904,IP,63515,839848,2,Coffee/Tea#Chinese Cuisine,0.16,w,c2b8ed201bdf8a825e6d8d6710c80b6f000ddebe;26.6;-81.9;Coffee/Tea#Chinese Cuisine;0.16;Android;site,1
6d67e57fba0250447e321724558d0d57a7f360b0,app,4bdd19914bcf121b56e47ab9c7d9046167cfb78b,6f84abd9b50c949d9b0e48afd0ce0f792e0b44c2,Arts & Entertainment,Above the Fold,0,1445991166,0,0,iOS,9.1,Apple iPhone,Apple,0,Mobile/Tablet,0,b746209b14a1708a6de7549419de968b8196f2e5,PHL,14.6,121.1,1602,IP,69463,867750,2,Television,0.01,w,4bdd19914bcf121b56e47ab9c7d9046167cfb78b;14.6;121.1;Television;0.01;iOS;app,1
c5297dcfa9f9583a79d792494de2fe54da47f668,app,d35dbb33e40db46f50b4bbaa80120d5b7825ece0,c9695380c044fa10285c33feb19a240ac80d7173,Technology & Computing,FullScreen,0,1445991157,0,0,Android,4.4,0,Xiaomi,Telkomsel,Phone,0,6dfe213dc861f25b21c629adfd772089bbaf601f,IDN,-6.2,106.8,0,User,69467,867762,1,Television,0.22,w,d35dbb33e40db46f50b4bbaa80120d5b7825ece0;-6.2;106.8;Television;0.22;Android;app,1
5dd1f8e2b772fd00a47659a5a3d427de5de07e21,app,699fd22f414575e5b3d9963e7e45e27dc8b6be1d,1ddb3a8768130713e7ed28a4a1fcc7f95b3c1051,Hobbies & Interests,Footer,0,1445991155,0,0,Android,4.1,0,0,0,Mobile/Tablet,0,00ac407fc2a303b38578077d49774a16ee344d1d,IDN,-6.2,106.8,0,IP,70747,871726,2,Comparison,0.01,w,699fd22f414575e5b3d9963e7e45e27dc8b6be1d;-6.2;106.8;Comparison;0.01;Android;app,2
0616c8359c3faf0105002188ac49799bb9bc6965,app,1ab335267bb1f1691652228eddff9ccf32ecd096,6ee7a0d704784232a936ae9c44601342e65e7e00,Sports,Footer,0,1445991142,0,0,Android,4.4,0,MyPhone,0,Phone,0,0d2fda80742966f30c0b314570afc3189921b3e5,PHL,14.6,121,1503,IP,69463,867750,2,Television,0.02,w,1ab335267bb1f1691652228eddff9ccf32ecd096;14.6;121;Television;0.02;Android;app,1
51f414ccc284b8261a26d977d00f19e737ffcb9d,site,813ce07473712b6ce21077b7b26bd959cd9cec23,562f602d29aeac26cf2b6b7b79cc0cd809b371d0,Arts & Entertainment,Above the Fold,0,1445991131,0,0,Android,4.2,0,0,0,Tablet,0,98c0b50ea4d52e9aeeae7eee2fbf03dc5926ac36,USA,41.8,-74.8,12754,User,57139,835106,2,Air Travel#Business Travel,0.02,w,813ce07473712b6ce21077b7b26bd959cd9cec23;41.8;-74.8;Air Travel#Business Travel;0.02;Android;site,1
7409cfd0d8cf6b2b9bf5086e45b8d24c89712859,app,7ba4d649042a1a655f3a3ba02267fa1ab66d17e7,660ec2e1724b3b9b7804c0258970ea26a6d7a4de,Arts & Entertainment,Above the Fold,0,1445991102,20,M,iOS,9.1,0,Apple,Telkomsel,Mobile/Tablet,0e667362a130b08cf81b1538e5d9c57820b4efa3,9df03a6823f10b029ba719599f59966fd560a5cc,IDN,-7.3,112.7,60282,User,70747,871732,1,Comparison,0.15,w,7ba4d649042a1a655f3a3ba02267fa1ab66d17e7;-7.3;112.7;Comparison;0.15;iOS;app,1
167801ebfacd7458212fc0a431f3a706d029a3ed,app,7ba4d649042a1a655f3a3ba02267fa1ab66d17e7,63a4d08fdc16944f469598cd8694cc858a5377a7,Arts & Entertainment,Above the Fold,0,1445991097,20,F,iOS,5.1,Apple iPhone,Apple,0,Phone,0,a59276322f3c38ee966b0aae9f4aea4f096699e6,PHL,14.6,121,1206,User,69463,867752,2,Television,0.92,w,7ba4d649042a1a655f3a3ba02267fa1ab66d17e7;14.6;121;Television;0.92;iOS;app,1
cf3bf906dda0ba95ff09d5d216b4c66dc2b35850,app,52be8a8b8f16a455c8e67369cac9f40a8944ba9b,e57f5f8db4d73dcbba65213910aadcda3b49b7ca,Arts & Entertainment#Humor,Above the Fold,0,1445991086,0,0,Android,5,Samsung SM-N9005,Samsung,0,Mobile/Tablet,0,f8873a49187225d0b06c7227634d010ea16a28ff,SGP,1.3,103.9,0,GPS,69471,867778,2,Television,0.18,w,52be8a8b8f16a455c8e67369cac9f40a8944ba9b;1.3;103.9;Television;0.18;Android;app,1
ebf3ebb0856e8edcd4aaa41ecb5397eac2b1bba0,app,1ab335267bb1f1691652228eddff9ccf32ecd096,344c28a21a3d6fc4c391c9b534522b897c039814,Society,Above the Fold,0,1445991079,0,0,Windows,8.1,Nokia Lumia 920,Nokia,0,Mobile/Tablet,0,0b55c5dd0e28d1b8d70abb427aefab074f285406,SVN,46.1,14.5,1500,User,71175,872710,2,0,0.1,w,1ab335267bb1f1691652228eddff9ccf32ecd096;46.1;14.5;0;0.1;Windows;app,1
de8be3e4cb84b7d508c989a9f99cfe856da8ab23,app,9f9e722a5209569959fc30193020ebffa5d0f13e,f3f447abf6aa15def97ddbcc0f8694eb8d8a4839,Arts & Entertainment,Above the Fold,0,1445991076,21,M,Android,4.3,0,Asus,Excelcomindo,Mobile/Tablet,0,ac696c04e870c55947642fc8615165597b8556fa,IDN,-6.2,106.8,0,User,66591,866166,1,Advertising#Comparison,0.1,w,9f9e722a5209569959fc30193020ebffa5d0f13e;-6.2;106.8;Advertising#Comparison;0.1;Android;app,1
6b2c874a909423ab657bb97ce8527d4936481c5e,app,1ab335267bb1f1691652228eddff9ccf32ecd096,9e2f564ea8403f0e8a36366bcc4d29b2b86bd299,Society,Above the Fold,0,1445991064,37,M,iOS,8.4,Apple iPad,Apple,0,Mobile/Tablet,0,e42ad29df37399a26ecf55270ed78984d7f9818d,IDN,-7.4,112.7,0,IP,66591,866166,2,Advertising#Comparison,0.11,w,1ab335267bb1f1691652228eddff9ccf32ecd096;-7.4;112.7;Advertising#Comparison;0.11;iOS;app,1
b67729113756462ff4fd14ac17c5ba3d92196a16,site,1ab335267bb1f1691652228eddff9ccf32ecd096,19695e7f9ced0bd6ba74de745e03fd811565b80b,Science#Weather,Above the Fold,0,1445991056,0,0,iOS,9.1,Apple iPhone,Apple,MobileOne SG,Mobile/Tablet,294db07c89a4a26bc71c1b9cb119cf630b055878,9db490386dd94f06bf1edfa2585b05a5ea3f6ba1,SGP,1.3,103.9,0,User,69471,867774,2,Television,0.06,w,1ab335267bb1f1691652228eddff9ccf32ecd096;1.3;103.9;Television;0.06;iOS;site,1
f488a1e5ecb960bb74ab85211ec2a93e14236106,app,7ba4d649042a1a655f3a3ba02267fa1ab66d17e7,63a4d08fdc16944f469598cd8694cc858a5377a7,Arts & Entertainment,Above the Fold,0,1445991048,23,F,Android,4.1,Samsung GT-S7262,Samsung,0,Mobile/Tablet,0,28ffd711571d39b4158236d3884ce45deb673c19,IDN,-6.2,106.8,0,User,69231,867170,2,Buying/Selling Cars#Performance Vehicles,0.87,w,7ba4d649042a1a655f3a3ba02267fa1ab66d17e7;-6.2;106.8;Buying/Selling Cars#Performance Vehicles;0.87;Android;app,1
064347b7bf8047fc0564a3d6173045f7ce511161,app,7ba4d649042a1a655f3a3ba02267fa1ab66d17e7,63a4d08fdc16944f469598cd8694cc858a5377a7,Arts & Entertainment,Above the Fold,0,1445991046,40,F,Android,4.2,0,Vivo,Telkomsel,Phone,0,83d637f4c35cd61ff0c46f2d93af8b4c8c8b4436,IDN,-5,120,0,User,66591,866166,1,Advertising#Comparison,0.06,w,7ba4d649042a1a655f3a3ba02267fa1ab66d17e7;-5;120;Advertising#Comparison;0.06;Android;app,2
828481d6b5fe98e8f2daed3f2ec0a64aaf9def03,app,7ba4d649042a1a655f3a3ba02267fa1ab66d17e7,a9fe9aff8929976f110b27a8aef236516adaa6d6,Arts & Entertainment,Above the Fold,0,1445991033,19,F,Android,4,Lenovo P700i,Lenovo,Globe Telecom PH,Phone,0,0195e8093c1a1f9338279ac9ec1d997214e78b7f,PHL,14.6,121,410,IP,69463,867748,1,Television,0.25,w,7ba4d649042a1a655f3a3ba02267fa1ab66d17e7;14.6;121;Television;0.25;Android;app,1
1b80199e8fb0aee0d788b3e9189387326a9f6af1,app,9f9e722a5209569959fc30193020ebffa5d0f13e,f3f447abf6aa15def97ddbcc0f8694eb8d8a4839,Arts & Entertainment,Above the Fold,0,1445991025,60,M,Android,4.4,0,Huawei,0,Mobile/Tablet,0,d8025326330d29197b435da9739f69935519f7e0,PHL,14.6,121,1206,User,69463,867748,2,Television,0.69,w,9f9e722a5209569959fc30193020ebffa5d0f13e;14.6;121;Television;0.69;Android;app,1
31a006911b6785a7c717aaf035ec20fec908cbe2,app,7ba4d649042a1a655f3a3ba02267fa1ab66d17e7,a9fe9aff8929976f110b27a8aef236516adaa6d6,Arts & Entertainment,Above the Fold,0,1445991003,12,M,Android,4.1,Nokia X,Nokia,3,Phone,0,2497b23ee0727d0ade21e44f79f6765ca0815cdf,IDN,-6.2,106.8,0,User,66591,866168,2,Advertising#Comparison,0.04,w,7ba4d649042a1a655f3a3ba02267fa1ab66d17e7;-6.2;106.8;Advertising#Comparison;0.04;Android;app,3
de360c41825a9ab78a5c50c76cb0f2d46f52d77b,app,ab400f5f1df15f21e106b946f2b2bb90cfc5e7cd,f09c477ae7626631b8d3faec6dc10a4227d915ca,Arts & Entertainment,Unknown,0,1445991003,0,0,Android,4.4,0,0,0,Mobile/Tablet,0,9355733117bbddf7562b6bd4323a96cec9629a04,ROU,44.4,26.1,1553,IP,70811,871946,1,Cell Phones,1.75,w,ab400f5f1df15f21e106b946f2b2bb90cfc5e7cd;44.4;26.1;Cell Phones;1.75;Android;app,1
b38c43b4c768cb24c625737a358b7c58acaef00e,site,b7a95c3b92d88e5996d897e1170a0438d83ca207,4600c27e842c2268fb30bf62d49495b04730b097,Arts & Entertainment,Above the Fold,0,1445991000,20,F,Android,4.1,Samsung GT-B5330,Samsung,3,Phone,0,23ffb9697baf0812f226a5fc5cbf48fe9b3db66e,IDN,-7.2,112.8,0,User,66591,866166,1,Advertising#Comparison,0.06,w,b7a95c3b92d88e5996d897e1170a0438d83ca207;-7.2;112.8;Advertising#Comparison;0.06;Android;site,1
3e6ba2f211994615d5b2955b43bcb258ac0aabc4,app,699fd22f414575e5b3d9963e7e45e27dc8b6be1d,1ddb3a8768130713e7ed28a4a1fcc7f95b3c1051,Hobbies & Interests,Footer,0,1445990999,0,0,Android,4.2,0,0,3,Phone,0,f8ee9c45dd8a23623b35432393ca4823e85ae7ec,IDN,-6.4,107,17144,User,70747,871736,2,Comparison,0.26,w,699fd22f414575e5b3d9963e7e45e27dc8b6be1d;-6.4;107;Comparison;0.26;Android;app,1
1b1f6f700c8fbea0e66465bf3f578c40343d72a3,site,b981747b2590229f01902ecd1fa44987936b1128,4a1a4fa6e1b6207cc901093cbd16cf931a7016f4,Arts & Entertainment,Unknown,0,1445990928,0,0,Android,5,HTC M8,HTC,0,Mobile/Tablet,0,f3cf897bf37d6db3c6346865a0da1993af7bfcc7,SGP,1.3,103.9,0,GPS,69471,867778,2,Television,0.05,w,b981747b2590229f01902ecd1fa44987936b1128;1.3;103.9;Television;0.05;Android;site,1
07c93679d05e665785513af1569f2cad3d8844e9,app,1ab335267bb1f1691652228eddff9ccf32ecd096,fba8759137fdf4647352b4a5d29401e4850cd950,Hobbies & Interests#Style & Fashion,Footer,0,1445990906,0,0,Android,4.4,Samsung SCH-M919,Samsung,T-Mobile,Phone,0,c7554e49b366e656b98a5532944835f62b5dfdef,USA,40.7,-73.9,0,User,66599,832120,2,Buying/Selling Cars#Performance Vehicles,0.17,w,1ab335267bb1f1691652228eddff9ccf32ecd096;40.7;-73.9;Buying/Selling Cars#Performance Vehicles;0.17;Android;app,1
1845586940254f630bb27ff1475ddb6609f518d6,app,7ba4d649042a1a655f3a3ba02267fa1ab66d17e7,a9fe9aff8929976f110b27a8aef236516adaa6d6,Arts & Entertainment,Above the Fold,0,1445990880,19,F,Windows,8,0,0,Telkomsel,Phone,0,2e70cf0e36d8f085bd9d4468b39e1363a5a0f9c2,IDN,-5,120,0,User,66591,866168,2,Advertising#Comparison,0.05,w,7ba4d649042a1a655f3a3ba02267fa1ab66d17e7;-5;120;Advertising#Comparison;0.05;Windows;app,1
6f96e0652152193a01cebc5d93295afde739973c,app,7ba4d649042a1a655f3a3ba02267fa1ab66d17e7,a9fe9aff8929976f110b27a8aef236516adaa6d6,Arts & Entertainment,Above the Fold,0,1445990842,13,F,Android,4.4,Samsung SM-N9005,Samsung,Telstra,Phone,0,48dc3804abfe4fdd183347c7fa7333c8171b8bd4,AUS,-27.5,153,4000,IP,70015,869008,2,Cell Phones,1.3,w,7ba4d649042a1a655f3a3ba02267fa1ab66d17e7;-27.5;153;Cell Phones;1.3;Android;app,1
eefb50c96d10fd0b815f12f8a2b7813c98b9b6fe,site,813ce07473712b6ce21077b7b26bd959cd9cec23,562f602d29aeac26cf2b6b7b79cc0cd809b371d0,Arts & Entertainment,Above the Fold,0,1445990838,0,0,Android,4,HTC PH39100,HTC,0,Phone,0,976b4c47b61ba27fa97a9021527d547cab1a09c3,USA,30.4,-84.3,32301,User,57139,835106,2,Air Travel#Business Travel,0.02,w,813ce07473712b6ce21077b7b26bd959cd9cec23;30.4;-84.3;Air Travel#Business Travel;0.02;Android;site,1
07743440bf9a8a3f961a7090a11449d708078df2,app,9f9e722a5209569959fc30193020ebffa5d0f13e,f3f447abf6aa15def97ddbcc0f8694eb8d8a4839,Arts & Entertainment,Above the Fold,0,1445990809,46,M,Android,4.4,Samsung SM-T330NU,Samsung,0,Tablet,0,2745729ffd5d5027b242792190eaafbe71ae0919,USA,45.5,-122.5,97230,User,57139,835106,2,Air Travel#Business Travel,0.02,w,9f9e722a5209569959fc30193020ebffa5d0f13e;45.5;-122.5;Air Travel#Business Travel;0.02;Android;app,1
1d57abb237fb8819c3c5ece2eee89ec18b28122c,app,1ab335267bb1f1691652228eddff9ccf32ecd096,fba8759137fdf4647352b4a5d29401e4850cd950,Hobbies & Interests#Style & Fashion,Footer,0,1445990792,0,0,Android,4.1,Lenovo A706,Lenovo,3,Phone,0,e4934b7c31aaf8d95c4729278774dfc0fad03c87,IDN,-7.7,110.6,0,User,66591,866164,2,Advertising#Comparison,0.02,w,1ab335267bb1f1691652228eddff9ccf32ecd096;-7.7;110.6;Advertising#Comparison;0.02;Android;app,2
49684a9e581911af743adb663eb1014e6deb4451,app,9f9e722a5209569959fc30193020ebffa5d0f13e,25dfab977c44e218ebd0f948d114a9ba5116f470,Arts & Entertainment,Unknown,0,1445990787,53,F,Android,4.3,Sony D5503,Sony,0,Mobile/Tablet,0,1200a6dfd2e705599a7262b38b8a92ea42aa177f,PHL,14.5,121,1612,IP,69463,867750,2,Television,0.02,w,9f9e722a5209569959fc30193020ebffa5d0f13e;14.5;121;Television;0.02;Android;app,1
4957a3bccedfaf8bc3764082fbc8a195c70f73b0,app,c2b8ed201bdf8a825e6d8d6710c80b6f000ddebe,702b7470e5741b3f4bb4ee0dc2843a9677d8d430,Hobbies & Interests,Unknown,0,1445990777,0,0,Android,4.1,Samsung GT-S5282,Samsung,Telkomsel,Phone,0,199b9010964998fd5f1f8ecd60074d3791f2a266,IDN,-6.2,106.8,0,User,66591,866166,1,Advertising#Comparison,0.06,w,c2b8ed201bdf8a825e6d8d6710c80b6f000ddebe;-6.2;106.8;Advertising#Comparison;0.06;Android;app,1
62652580f62634781803f3b88bd9d65c8963a2c4,app,abacb55691278d33d73e40141159bc0fe4d1f7a1,2a6ebd61bda594b9a63ac36e56fbf739aaafffa3,Technology & Computing,Unknown,0,1445990771,0,0,Android,4.4,0,Advan,Telkomsel,Phone,0,2254f3887147b4d9423d69186b18f1d5b5a165b9,IDN,-6.2,106.8,0,User,69231,867172,2,Buying/Selling Cars#Performance Vehicles,0.88,w,abacb55691278d33d73e40141159bc0fe4d1f7a1;-6.2;106.8;Buying/Selling Cars#Performance Vehicles;0.88;Android;app,1
bb27df6030bcd724c55d87f2837c35dd6cb38c58,app,1ab335267bb1f1691652228eddff9ccf32ecd096,fba8759137fdf4647352b4a5d29401e4850cd950,Hobbies & Interests#Style & Fashion,Footer,0,1445990731,0,0,Android,4.4,Lenovo A5500-HV,Lenovo,0,Mobile/Tablet,0,5d2a54edf7ecf25c5317c9ed2e8c1a945a6378c2,MYS,3,101.5,41200,IP,69459,867738,2,Television,0.08,w,1ab335267bb1f1691652228eddff9ccf32ecd096;3;101.5;Television;0.08;Android;app,1
b1f2d4c7d018afa3867652ce7373d5be299c1c26,app,1ab335267bb1f1691652228eddff9ccf32ecd096,fba8759137fdf4647352b4a5d29401e4850cd950,Hobbies & Interests#Style & Fashion,Footer,0,1445990722,0,0,Android,4.4,Samsung SM-G386T,Samsung,T-Mobile,Phone,0,f57dfaad28fff06603423d1da8fac08f3953ca17,USA,33.9,-118,34023,User,57139,835106,2,Air Travel#Business Travel,0.02,w,1ab335267bb1f1691652228eddff9ccf32ecd096;33.9;-118;Air Travel#Business Travel;0.02;Android;app,1
47023108bb5f6a57686ced6dd07d34c52f280521,app,1b77c693ab8a0e227c2708bf02e775744447353d,41da04558f2613ad00476cad314ca93f027d4fe5,Arts & Entertainment,Unknown,0,1445990718,0,0,Android,4.4,Samsung SM-G900F,Samsung,0,Phone,0,7399fbcf284839ea7f23ed18dd134d076366eb8d,PHL,14.6,121,0,IP,69463,867750,2,Television,0.01,w,1b77c693ab8a0e227c2708bf02e775744447353d;14.6;121;Television;0.01;Android;app,1
54c504e7a4d0643420b646a53ce5ad1923168a4f,site,c1b64704ae13e62860cb3e6d7e90fbfbe82078ee,3070fdf063bb7e6f016c32b91ae35d0699a38e23,Science,Unknown,0,1445990713,0,0,Android,4,Sony ST26i,Sony,3,Phone,0,9052cd614b62de00f4ee424115ed4f7cbfe4e1d5,IDN,-7.7,110.6,0,User,66591,866166,1,Advertising#Comparison,0.06,w,c1b64704ae13e62860cb3e6d7e90fbfbe82078ee;-7.7;110.6;Advertising#Comparison;0.06;Android;site,1
33091c808fb2989ea65dff10113d0e8eba4474d0,app,1ab335267bb1f1691652228eddff9ccf32ecd096,9e2f564ea8403f0e8a36366bcc4d29b2b86bd299,Society,Above the Fold,0,1445990705,30,M,iOS,7.1,Apple iPhone,Apple,3,Phone,a234f9ce1aa05dbbc052bdcc82ef1caf785419ab,eb00f0981e11ca16982f3d0dc84d744793def73a,IDN,3.6,98.7,0,User,66591,866168,2,Advertising#Comparison,0.03,w,1ab335267bb1f1691652228eddff9ccf32ecd096;3.6;98.7;Advertising#Comparison;0.03;iOS;app,1
ee81ad78ffcd850d49a4aa2e56670486ca8f928c,app,1ab335267bb1f1691652228eddff9ccf32ecd096,c7f3553ced216a983e60b8206389fc34cce69e49,Hobbies & Interests#Style & Fashion,Footer,0,1445990693,0,0,Android,4.3,Nokia X2DS,Nokia,3,Phone,0,cadbd048882a7de941951b8a9945f46f4749d5d4,IDN,-6.2,106.8,0,User,70747,871736,2,Comparison,0.04,w,1ab335267bb1f1691652228eddff9ccf32ecd096;-6.2;106.8;Comparison;0.04;Android;app,3
f71db01af18cf9e405fac4dd863f98eeb3dac870,site,c2b8ed201bdf8a825e6d8d6710c80b6f000ddebe,b889856f1564c3f9c5c89aa957f1f47678661e59,Science#Weather,Unknown,0,1445990680,0,0,Android,4,Amazon KFTT,Amazon,0,Tablet,0,e561bb8c3f2ee92c2b23d8824560312f505d6712,USA,39.1,-84.5,41071,IP,63515,839848,2,Coffee/Tea#Chinese Cuisine,0.17,w,c2b8ed201bdf8a825e6d8d6710c80b6f000ddebe;39.1;-84.5;Coffee/Tea#Chinese Cuisine;0.17;Android;site,1
c7d9e7e587345564c22e713e509de8408a9f7fe6,app,7ba4d649042a1a655f3a3ba02267fa1ab66d17e7,0f7570c9c0818539ad020f90cab6a1eb0977dcaa,Arts & Entertainment,Above the Fold,0,1445990673,12,M,Android,4.4,0,Acer,0,Mobile/Tablet,0,5b15453b029207c4e9547c8d6dbb7bd4e174dcc6,MYS,3.1,101.5,40170,IP,69459,867738,2,Television,0.11,w,7ba4d649042a1a655f3a3ba02267fa1ab66d17e7;3.1;101.5;Television;0.11;Android;app,1
dfbf06bf29ade41283f236ffb07171578a58ba48,app,1ab335267bb1f1691652228eddff9ccf32ecd096,fba8759137fdf4647352b4a5d29401e4850cd950,Hobbies & Interests#Style & Fashion,Footer,0,1445990669,0,0,Android,4.1,0,0,0,Tablet,0,36283ddee252b1a76b711b4fb85f12bc628b5079,USA,39,-92.3,34023,User,57139,835106,2,Air Travel#Business Travel,0.02,w,1ab335267bb1f1691652228eddff9ccf32ecd096;39;-92.3;Air Travel#Business Travel;0.02;Android;app,1
1ac2bdc90a54b04e77063985a4e67cf844a01649,app,699fd22f414575e5b3d9963e7e45e27dc8b6be1d,a0359fa86cf35556bd5772747615b6d1a3e1701c,Hobbies & Interests,Footer,0,1445990601,0,0,Android,4.4,0,0,0,Mobile/Tablet,0,a32a7bf994ac6d8c2a51184f6f80aad9520bbc75,SGP,1.3,103.9,0,IP,69471,867778,2,Television,0.01,w,699fd22f414575e5b3d9963e7e45e27dc8b6be1d;1.3;103.9;Television;0.01;Android;app,3
705412f9f75b7eac034b3a56ef58aa2a27bb54b8,app,1ab335267bb1f1691652228eddff9ccf32ecd096,79055302e100b11c2d38bff97197264a93ac2de5,Arts & Entertainment,Above the Fold,0,1445990589,0,0,iOS,9.1,Apple iPhone,Apple,0,Mobile/Tablet,0,8cbdf04322db1ef23b2d7064b978504245a3c0de,SGP,1.4,103.8,0,User,69471,867778,2,Television,0.02,w,1ab335267bb1f1691652228eddff9ccf32ecd096;1.4;103.8;Television;0.02;iOS;app,1
45e21e754fa91c15ba4ab5b13480de387d3db8b5,app,1ab335267bb1f1691652228eddff9ccf32ecd096,c7f3553ced216a983e60b8206389fc34cce69e49,Hobbies & Interests#Style & Fashion,Footer,0,1445990588,0,0,Android,4.4,0,Xiaomi,Indosat,Phone,0,ac22f6b248665143b603e9ab644de54bbbf5c4ca,IDN,-6.4,107.1,42162,User,69231,867170,2,Buying/Selling Cars#Performance Vehicles,0.91,w,1ab335267bb1f1691652228eddff9ccf32ecd096;-6.4;107.1;Buying/Selling Cars#Performance Vehicles;0.91;Android;app,1
2913136dd3e8a86766b6130fc559c3afc8506b76,site,1ab335267bb1f1691652228eddff9ccf32ecd096,bf6b5b117a501cb4714a010598103cb20cde38c1,Arts & Entertainment,Above the Fold,0,1445990584,0,0,iOS,9.1,Apple iPhone,Apple,0,Mobile/Tablet,0,89fb404457838ae3ed0b209649fb0743c7455638,SGP,1.3,103.9,0,IP,69471,867778,2,Television,0.02,w,1ab335267bb1f1691652228eddff9ccf32ecd096;1.3;103.9;Television;0.02;iOS;site,1
599c77e92ac5449cf0888a6b15ac702b04a81952,site,72cdc10800472953cbee41ff47ea775ddc48a506,e4ea5df7626a1a3c124a0c6ae2952359ac2ed6b9,News,Above the Fold,0,1445990577,0,F,Android,5,0,LG,0,Mobile/Tablet,0,cd3a079ba6f7ce5850aa627c911bfb257d6617ae,USA,26,-80.1,34023,User,57139,835106,2,Air Travel#Business Travel,0.02,w,72cdc10800472953cbee41ff47ea775ddc48a506;26;-80.1;Air Travel#Business Travel;0.02;Android;site,1
8ac00042fa20d2e24ba75b9d461e9a2c697cce74,app,699fd22f414575e5b3d9963e7e45e27dc8b6be1d,40d1d0a147f4edfaa4eb7791f62562f24b447239,Hobbies & Interests,Footer,0,1445990560,0,0,Android,5,Samsung SM-N9005,Samsung,0,Mobile/Tablet,0,df8b5d18a3a94977f6172e80b5ab894f768407d5,PHL,14.6,121,0,IP,69463,867752,2,Television,0.04,w,699fd22f414575e5b3d9963e7e45e27dc8b6be1d;14.6;121;Television;0.04;Android;app,1
3df8835a7905f12522ac554f7a66156b717bc7d0,site,707dd12d6fb3866defe399876378197dcc0e354d,52495a8610395e5780f602c7f19b76fba57154a8,Arts & Entertainment,Above the Fold,0,1445990433,0,0,Android,5.1,0,LG,MobileOne SG,Mobile/Tablet,0,d914fabfbeb79275119e3b373c659bb0da829445,SGP,1.3,103.9,0,User,69471,867784,2,Television,0.02,w,707dd12d6fb3866defe399876378197dcc0e354d;1.3;103.9;Television;0.02;Android;site,1
